20878;-657;44;-2007;-97;-25;-63;-149;22;28;-207;308;-15;-913;321;-86;-129;78;32;-82;-2586;-2285;16006;-570;16
20879;-689;42;-2073;5;5;3;-151;22;26;-209;321;-15;-937;334;-80;-123;-22;-1;-8;-2600;-2321;15999;-580;16
20880;-705;72;-2101;28;4;32;-150;22;29;-217;330;-18;-942;310;-84;-112;-54;17;10;-2622;-2314;15997;-551;16
20881;-669;69;-2089;13;71;42;-151;22;28;-207;312;-18;-957;305;-84;-136;-52;-70;28;-2570;-2260;16014;-528;16
20882;-714;78;-2111;0;-17;-12;-149;23;28;-204;329;-18;-961;316;-86;-123;-29;17;-32;-2549;-2247;16019;-538;16
20883;-665;28;-2014;18;-4;-64;-153;21;29;-204;308;-16;-932;310;-62;-123;-18;-3;-55;-2553;-2243;16017;-586;16
20884;-650;33;-2038;-71;18;117;-149;22;28;-209;301;-29;-940;328;-80;-118;40;-13;113;-2589;-2223;16015;-559;16
20885;-578;2;-1960;-88;66;-24;-150;22;29;-205;275;-15;-897;328;-80;-123;90;-56;-22;-2571;-2212;16016;-660;16
20886;-656;36;-2036;23;-5;-28;-149;20;29;-204;301;-24;-947;310;-78;-128;-38;-3;-27;-2529;-2244;16019;-633;16
20887;-716;18;-2034;-13;23;53;-149;22;28;-215;332;-23;-912;321;-96;-128;1;-6;54;-2581;-2234;16012;-625;16
20888;-678;19;-2032;-4;-14;74;-150;22;29;-202;318;-19;-891;316;-84;-128;-24;10;63;-2579;-2199;16018;-597;16
20889;-626;36;-2066;87;-4;89;-149;22;28;-205;292;-26;-944;328;-86;-128;-107;9;80;-2557;-2128;16035;-491;16
20890;-606;33;-2032;-82;-36;-62;-151;23;27;-210;282;-25;-927;328;-86;-140;59;39;-76;-2560;-2123;16036;-484;16
20891;-627;25;-2033;-129;-17;-39;-150;22;29;-209;292;-16;-917;328;-91;-134;99;17;-55;-2572;-2201;16021;-561;16
20892;-679;33;-2019;-56;27;36;-150;22;28;-211;318;-18;-936;305;-80;-140;32;-24;26;-2565;-2225;16017;-587;16
20893;-678;28;-1971;-9;83;58;-150;23;29;-215;315;-18;-907;305;-80;-123;-19;-73;43;-2560;-2210;16021;-585;16
20894;-614;-27;-1937;-70;148;111;-150;25;29;-210;294;-24;-916;321;-80;-118;55;-160;124;-2500;-2163;16037;-553;16
20895;-632;45;-2019;-67;8;26;-151;22;26;-204;304;-20;-937;310;-86;-128;39;-1;9;-2483;-2173;16040;-529;16
20896;-686;60;-2013;-41;-112;-45;-151;23;26;-197;320;-19;-929;305;-80;-123;7;109;-65;-2521;-2197;16030;-539;16
20897;-704;32;-2056;-85;-19;152;-150;22;27;-205;334;-15;-928;292;-91;-128;66;38;126;-2614;-2187;16015;-575;16
20898;-608;61;-2065;85;138;87;-150;23;27;-207;287;-21;-950;316;-80;-128;-120;-137;74;-2558;-2097;16037;-551;16
20899;-618;46;-2107;-51;-6;33;-154;23;28;-209;292;-26;-954;321;-80;-136;7;21;22;-2519;-2034;16053;-511;16
20900;-668;57;-2036;-82;-45;-92;-150;23;29;-209;311;-17;-927;305;-91;-128;61;51;-109;-2530;-2083;16043;-568;16
20901;-674;23;-2015;-24;-51;-20;-150;24;29;-214;319;-17;-919;310;-86;-140;1;57;-32;-2565;-2136;16030;-580;16
20902;-652;45;-2065;2;-29;26;-150;22;28;-208;309;-18;-929;299;-86;-128;-27;34;15;-2595;-2141;16025;-553;16
20903;-667;111;-2165;59;83;47;-151;23;27;-212;314;-18;-974;321;-75;-118;-80;-81;44;-2557;-2109;16038;-493;16
20904;-645;87;-2113;-18;-1;-52;-150;24;26;-214;303;-19;-960;305;-80;-128;-5;6;-62;-2484;-2090;16052;-494;16
20905;-689;32;-1976;-78;-66;-33;-149;21;28;-214;323;-19;-914;288;-86;-140;53;73;-49;-2486;-2110;16047;-549;16
20906;-768;75;-2092;-46;-68;36;-150;22;27;-214;367;-14;-950;292;-80;-134;26;73;25;-2605;-2140;16023;-581;16
20907;-632;35;-2058;57;66;72;-149;21;26;-203;297;-18;-927;340;-91;-112;-83;-60;64;-2616;-2072;16030;-588;16
20908;-576;37;-2101;44;23;60;-147;24;29;-203;264;-26;-965;316;-86;-112;-66;-17;52;-2549;-2003;16052;-507;16
20909;-620;39;-2071;-73;-42;-108;-149;22;27;-201;280;-23;-939;321;-97;-118;44;44;-120;-2524;-2039;16051;-516;16
20910;-669;49;-2012;-44;2;-26;-149;23;27;-208;316;-14;-908;305;-91;-123;18;1;-37;-2547;-2117;16037;-536;16
20911;-723;53;-2056;13;23;21;-148;24;29;-207;334;-20;-953;321;-102;-142;-34;-19;13;-2542;-2117;16038;-515;16
20912;-640;22;-1970;-19;65;63;-151;22;27;-205;299;-19;-904;334;-91;-136;-3;-60;55;-2537;-2089;16043;-513;16
20913;-575;-31;-1977;-79;108;117;-150;21;28;-205;264;-25;-919;316;-91;-118;56;-103;103;-2469;-2017;16063;-507;16
20914;-601;26;-1990;-109;13;31;-150;22;29;-207;284;-22;-918;316;-91;-123;86;-8;15;-2455;-2020;16064;-530;16
20915;-744;66;-2051;-53;-128;-3;-151;24;27;-205;346;-17;-930;316;-97;-128;29;137;-14;-2525;-2048;16049;-556;16
20916;-707;20;-2037;-22;-31;113;-149;23;28;-214;333;-21;-922;316;-86;-123;0;41;99;-2603;-1987;16043;-581;16
20917;-576;37;-2071;87;112;105;-148;22;27;-211;270;-21;-951;288;-91;-123;-109;-107;99;-2548;-1901;16064;-518;16
20918;-561;10;-2081;-40;9;31;-148;22;28;-204;254;-26;-960;299;-97;-118;16;-2;18;-2495;-1845;16080;-482;16
20919;-636;34;-2003;-107;-43;-61;-150;22;28;-204;298;-18;-911;316;-91;-128;82;48;-72;-2493;-1904;16073;-510;16
20920;-722;51;-2038;-36;10;-3;-147;20;29;-208;341;-15;-934;316;-86;-123;14;-9;-12;-2537;-1954;16059;-530;16
20921;-682;68;-2066;49;21;34;-150;22;26;-211;324;-13;-923;316;-91;-134;-74;-15;25;-2582;-1959;16052;-508;16
20922;-620;92;-2132;41;120;55;-148;23;27;-202;293;-23;-976;305;-89;-112;-66;-117;49;-2528;-1904;16069;-441;16
20923;-616;62;-2077;-38;17;-22;-151;24;28;-206;284;-22;-951;305;-96;-123;13;-11;-31;-2469;-1898;16079;-447;16
20924;-693;50;-2003;-71;-96;-42;-150;22;29;-205;325;-19;-925;321;-84;-112;46;101;-56;-2493;-1932;16070;-490;16
20925;-754;62;-2058;-71;-51;62;-149;22;29;-209;354;-14;-947;310;-89;-128;49;55;52;-2585;-1937;16053;-541;16
20926;-602;31;-2047;27;97;97;-149;24;29;-212;281;-17;-924;316;-89;-123;-49;-91;89;-2594;-1868;16059;-572;16
20927;-554;40;-2128;47;33;56;-149;23;26;-208;261;-24;-970;310;-89;-134;-67;-30;39;-2520;-1797;16081;-500;16
20928;-616;40;-2051;-39;-27;-78;-149;22;28;-204;287;-22;-928;332;-96;-118;14;26;-92;-2491;-1824;16083;-478;16
20929;-692;31;-2000;-64;-42;-49;-152;21;28;-212;324;-18;-919;315;-78;-129;32;61;-63;-2510;-1886;16073;-497;16
20930;-697;31;-2034;-28;-69;23;-148;22;28;-210;326;-16;-930;315;-84;-134;-4;79;12;-2574;-1904;16060;-497;16
20931;-653;56;-2156;87;34;32;-150;22;25;-194;301;-19;-955;297;-84;-128;-119;-47;28;-2572;-1865;16067;-453;16
20932;-583;36;-2081;-5;81;-21;-150;22;28;-206;264;-23;-960;304;-89;-110;-25;-56;-51;-2472;-1818;16088;-446;16
20933;-637;33;-1993;-50;5;-3;-147;23;27;-204;299;-22;-943;320;-84;-116;25;-8;-12;-2435;-1831;16091;-472;16
20934;-740;37;-2017;-94;-83;30;-149;23;29;-207;351;-17;-920;315;-89;-139;74;89;16;-2522;-1844;16075;-527;16
20935;-666;32;-2042;-55;-55;100;-150;22;28;-205;320;-12;-902;305;-84;-116;34;66;87;-2610;-1800;16064;-566;16
20936;-551;33;-2094;89;73;108;-150;22;30;-215;251;-22;-969;316;-84;-116;-113;-65;102;-2550;-1703;16087;-495;16
20937;-551;14;-2062;-53;0;-17;-150;22;27;-204;257;-24;-952;292;-107;-128;28;2;-26;-2464;-1660;16106;-470;16
20938;-660;44;-2002;-65;-11;-59;-148;22;26;-214;308;-15;-927;316;-84;-110;38;13;-71;-2448;-1733;16100;-486;16
20939;-739;35;-1989;28;-2;-17;-146;22;28;-205;343;-22;-939;288;-100;-121;-55;3;-26;-2494;-1773;16089;-468;16
20940;-660;50;-1990;17;44;43;-150;23;27;-211;307;-21;-920;316;-84;-116;-41;-36;36;-2556;-1774;16080;-440;16
20941;-553;16;-2039;-90;110;77;-149;22;28;-202;255;-24;-933;321;-100;-121;63;-94;47;-2496;-1741;16093;-423;16
20942;-580;35;-2051;-87;9;-13;-148;22;30;-205;269;-21;-946;305;-96;-128;62;-10;-22;-2443;-1762;16099;-447;16
20943;-720;50;-2035;-64;-112;-7;-149;22;27;-205;327;-15;-924;316;-89;-132;51;116;-33;-2484;-1798;16086;-506;16
20944;-693;23;-2005;-82;-38;99;-149;22;29;-206;338;-14;-918;305;-89;-128;76;49;87;-2575;-1778;16073;-556;16
20945;-560;45;-2081;125;163;123;-149;23;28;-205;269;-19;-950;316;-89;-116;-143;-147;116;-2542;-1697;16088;-528;16
20946;-577;39;-2092;-4;11;2;-149;22;27;-207;263;-24;-952;316;-89;-132;-35;7;3;-2475;-1626;16108;-450;16
20947;-648;51;-2029;-80;-62;-85;-150;20;26;-203;296;-21;-945;316;-84;-126;42;48;-97;-2467;-1673;16104;-453;16
20948;-698;41;-2041;-24;18;19;-148;21;29;-215;335;-15;-925;299;-100;-121;7;4;-6;-2525;-1733;16088;-478;16
20949;-646;78;-2050;38;14;29;-149;21;27;-196;311;-16;-921;299;-78;-121;-60;43;-1;-2571;-1731;16081;-470;16
20950;-572;44;-2053;-19;135;69;-149;23;27;-207;273;-23;-963;291;-96;-126;-43;-126;55;-2512;-1682;16097;-426;16
20951;-608;48;-2047;-74;28;21;-147;21;29;-198;287;-21;-956;308;-84;-132;39;-21;4;-2433;-1672;16110;-434;16
20952;-732;42;-2011;-94;-125;-33;-149;22;30;-206;332;-20;-920;315;-96;-145;78;86;-40;-2446;-1692;16104;-490;16
20953;-708;39;-2061;-41;-52;82;-149;22;26;-202;348;-13;-931;292;-100;-121;41;59;61;-2565;-1694;16084;-539;16
20954;-553;36;-2094;118;100;78;-148;21;28;-213;269;-17;-940;310;-96;-104;-124;-79;78;-2566;-1616;16093;-500;16
20955;-545;25;-2098;32;39;27;-149;23;27;-211;248;-26;-956;321;-96;-132;-65;-29;31;-2507;-1561;16110;-417;16
20956;-635;58;-2005;-59;0;-69;-148;22;28;-205;294;-22;-936;316;-100;-116;23;-10;-81;-2460;-1594;16115;-398;16
20957;-725;55;-2054;-53;-62;-8;-149;22;28;-201;335;-17;-917;276;-89;-132;32;67;-33;-2503;-1647;16102;-431;16
20958;-642;56;-2077;-17;-67;27;-150;23;28;-207;313;-14;-944;316;-96;-150;2;77;9;-2552;-1648;16094;-439;16
20959;-616;93;-2151;57;84;64;-151;23;28;-207;298;-19;-990;297;-84;-128;-129;-50;27;-2550;-1606;16099;-408;16
20960;-646;78;-2120;-9;-3;-89;-149;22;27;-208;301;-18;-967;304;-96;-116;-35;4;-113;-2478;-1593;16112;-405;16
20961;-704;52;-1993;-61;-74;-29;-149;23;29;-217;324;-21;-920;304;-89;-121;42;55;-32;-2477;-1627;16108;-436;16
20962;-737;58;-2065;-63;-86;19;-148;21;29;-201;350;-13;-956;326;-96;-116;29;91;-16;-2586;-1656;16087;-479;16
20963;-558;26;-2073;68;100;62;-149;23;28;-213;269;-17;-928;315;-96;-123;-68;-66;61;-2628;-1614;16083;-501;16
20964;-561;56;-2135;-15;20;36;-150;24;29;-204;261;-24;-972;304;-96;-132;-40;-10;21;-2571;-1573;16099;-419;16
20965;-644;51;-2039;-144;-4;-67;-148;23;28;-211;290;-22;-947;315;-89;-121;101;1;-73;-2513;-1590;16105;-466;16
20966;-742;40;-2033;-49;-40;-47;-148;22;27;-199;342;-10;-918;308;-100;-128;29;44;-61;-2555;-1671;16088;-538;16
20967;-699;61;-2073;89;-80;-26;-150;23;27;-205;334;-17;-919;326;-96;-123;-92;110;-47;-2650;-1700;16071;-493;16
20968;-597;69;-2112;122;127;19;-148;24;28;-210;280;-24;-934;304;-100;-136;-147;-95;19;-2632;-1665;16081;-387;16
20969;-597;54;-2082;-43;47;-46;-150;21;30;-207;265;-26;-944;308;-96;-123;9;-40;-48;-2541;-1658;16097;-351;16
20970;-718;35;-1978;-148;-100;4;-150;22;27;-204;331;-22;-912;304;-96;-134;127;82;-9;-2519;-1694;16095;-410;16
20971;-750;30;-2023;-103;-91;76;-149;21;29;-205;367;-10;-931;320;-96;-128;108;106;52;-2610;-1714;16076;-510;16
20972;-575;30;-2083;81;77;94;-148;22;27;-203;273;-18;-929;286;-96;-128;-89;-56;90;-2638;-1647;16078;-514;16
20973;-532;18;-2068;-24;56;47;-148;23;28;-207;250;-26;-955;308;-100;-128;-18;-45;50;-2586;-1582;16095;-451;16
20974;-647;42;-2022;-84;19;-80;-149;23;28;-203;291;-19;-939;297;-100;-128;43;-30;-91;-2499;-1619;16105;-460;16
20975;-768;60;-2000;-6;-14;-32;-149;23;27;-212;352;-15;-927;315;-84;-121;-13;9;-54;-2513;-1694;16094;-487;16
20976;-705;80;-2017;22;-10;31;-150;21;26;-212;341;-19;-909;308;-89;-121;-39;48;1;-2613;-1714;16076;-476;16
20977;-586;34;-2075;-20;114;92;-148;22;28;-207;282;-24;-961;308;-84;-132;-53;-110;68;-2581;-1667;16088;-424;16
20978;-603;65;-2087;-67;37;-4;-150;22;29;-210;278;-20;-962;308;-89;-116;36;-30;-19;-2510;-1664;16099;-422;16
20979;-739;35;-2029;-90;-96;7;-148;24;27;-206;334;-20;-928;332;-84;-121;66;100;-6;-2532;-1662;16095;-478;16
20980;-720;42;-2008;-24;-42;56;-150;23;26;-205;346;-10;-889;315;-89;-128;10;59;40;-2613;-1660;16080;-546;16
20981;-589;42;-2103;108;63;85;-149;23;27;-206;274;-25;-955;326;-78;-126;-135;-58;79;-2578;-1579;16096;-465;16
20982;-565;26;-2038;-51;14;-27;-149;22;25;-198;262;-26;-937;339;-100;-116;21;-14;-28;-2537;-1537;16108;-421;16
20983;-667;44;-2021;-95;-7;-63;-147;23;28;-201;304;-14;-932;326;-94;-121;71;7;-78;-2536;-1621;16099;-452;16
20984;-748;51;-2034;-11;-77;-35;-149;22;29;-207;346;-14;-929;320;-94;-121;-13;79;-47;-2584;-1674;16085;-478;16
20985;-656;33;-2065;-5;6;55;-150;23;29;-197;308;-25;-926;308;-94;-121;-9;13;57;-2642;-1663;16077;-467;16
20986;-565;-14;-1962;-41;85;46;-148;22;29;-209;265;-21;-919;320;-76;-132;50;-127;71;-2558;-1624;16095;-467;16
20987;-605;37;-2032;-13;63;-10;-150;22;29;-198;277;-24;-935;320;-83;-139;-12;-64;-17;-2500;-1642;16103;-432;16
20988;-796;52;-2042;-109;-183;-20;-149;24;29;-204;362;-22;-922;315;-94;-132;101;176;-20;-2536;-1665;16094;-469;16
20989;-690;57;-2028;-25;-40;57;-149;24;27;-210;333;-9;-918;320;-88;-121;14;52;33;-2626;-1668;16077;-526;16
20990;-543;44;-2098;116;79;94;-151;22;27;-206;249;-24;-965;308;-88;-121;-164;-122;96;-2581;-1580;16095;-463;16
20991;-595;24;-2062;-67;38;-48;-149;24;28;-206;268;-26;-957;304;-88;-121;37;-40;-49;-2524;-1541;16109;-421;16
20992;-714;50;-2035;-74;-24;-53;-150;20;28;-205;329;-12;-917;308;-83;-126;55;33;-70;-2523;-1630;16100;-467;16
20993;-727;50;-2023;-4;-74;-10;-151;23;29;-202;342;-16;-936;302;-94;-132;-23;73;-22;-2583;-1648;16088;-473;16
20994;-637;37;-2037;35;52;56;-148;22;28;-199;304;-18;-905;308;-83;-121;-53;-40;46;-2642;-1636;16080;-463;16
20995;-552;15;-2062;-50;106;46;-148;23;28;-205;253;-25;-950;308;-99;-116;26;-108;45;-2562;-1578;16099;-431;16
20996;-640;40;-2018;-134;21;34;-148;22;31;-204;300;-18;-939;286;-112;-116;116;-24;21;-2498;-1590;16107;-485;16
20997;-800;49;-2053;-90;-86;1;-149;22;27;-202;376;-15;-936;320;-94;-108;67;90;-16;-2555;-1601;16094;-559;16
20998;-637;30;-2012;167;66;95;-148;21;28;-202;307;-15;-891;307;-83;-131;-176;-46;90;-2607;-1569;16090;-542;16
20999;-564;59;-2101;88;57;31;-149;22;28;-209;263;-29;-970;296;-86;-132;-127;-54;27;-2558;-1491;16110;-363;16
21000;-622;44;-2068;-95;11;-100;-150;24;27;-206;293;-24;-950;296;-94;-115;62;-7;-113;-2515;-1527;16114;-361;16
21001;-707;42;-2067;-93;-59;-89;-148;22;25;-203;331;-9;-930;313;-88;-115;78;70;-108;-2537;-1638;16097;-442;16
21002;-677;47;-2039;-56;-98;21;-150;23;27;-209;328;-12;-915;307;-75;-120;34;121;1;-2612;-1666;16081;-479;16
21003;-635;84;-2142;-16;102;100;-150;22;28;-204;312;-19;-965;320;-99;-108;-30;-82;73;-2603;-1643;16086;-457;16
21004;-610;60;-2094;-40;61;-5;-148;22;27;-210;288;-18;-964;313;-105;-124;26;-60;-6;-2512;-1618;16102;-471;16
21005;-732;35;-2017;-42;-63;6;-149;21;27;-206;331;-19;-939;302;-99;-131;21;77;-12;-2494;-1615;16105;-496;16
21006;-749;38;-2000;-47;-88;1;-150;23;28;-199;360;-11;-914;296;-99;-120;13;89;-6;-2597;-1638;16085;-534;16
21007;-597;57;-2076;138;39;62;-150;22;27;-205;281;-21;-945;324;-94;-124;-166;-32;53;-2626;-1593;16087;-452;16
21008;-555;36;-2072;-47;36;7;-150;23;28;-198;256;-27;-960;307;-94;-124;9;-36;4;-2566;-1556;16102;-406;16
21009;-632;31;-2018;-134;26;-86;-149;22;26;-205;293;-16;-939;307;-88;-120;107;-24;-101;-2522;-1642;16098;-465;16
21010;-718;49;-2034;-27;6;-50;-150;22;29;-199;341;-12;-936;307;-83;-120;5;0;-65;-2533;-1720;16088;-502;16
21011;-697;68;-1988;-26;-24;-14;-149;23;28;-205;332;-15;-902;307;-83;-115;1;46;-36;-2602;-1758;16072;-504;16
21012;-603;48;-2044;-31;126;110;-148;25;29;-204;293;-24;-946;331;-83;-137;-13;-114;90;-2573;-1746;16080;-465;16
21013;-648;76;-2086;-92;30;-44;-149;21;28;-204;300;-23;-966;318;-94;-134;47;-26;-66;-2512;-1752;16088;-470;16
21014;-770;65;-2082;-99;-72;-70;-150;22;28;-198;358;-15;-945;307;-88;-128;66;88;-86;-2547;-1807;16074;-546;16
21015;-672;57;-2011;59;-24;52;-148;22;28;-203;313;-8;-899;313;-76;-110;-76;42;22;-2609;-1832;16061;-559;16
21016;-588;59;-2118;121;9;36;-149;21;28;-202;270;-27;-971;313;-88;-115;-133;4;23;-2586;-1749;16078;-422;16
21017;-621;42;-2081;-129;16;-78;-151;21;28;-202;291;-23;-940;296;-88;-120;104;-12;-98;-2553;-1779;16080;-443;16
21018;-681;25;-2029;-113;-31;-49;-149;23;27;-205;320;-9;-923;313;-76;-115;82;34;-61;-2550;-1864;16068;-531;16
21019;-714;29;-2054;-24;-123;-20;-152;22;27;-199;335;-10;-923;331;-76;-131;-3;131;-32;-2610;-1898;16054;-533;16
21020;-658;41;-2085;71;63;57;-150;21;28;-200;306;-21;-931;296;-84;-115;-102;-61;44;-2620;-1866;16058;-488;16
21021;-598;46;-2058;-35;59;19;-150;21;29;-205;277;-24;-946;307;-76;-124;11;-49;3;-2544;-1823;16075;-467;16
21022;-696;35;-2002;-111;-39;10;-149;24;27;-203;322;-19;-939;307;-76;-120;90;51;-3;-2522;-1832;16077;-515;16
21023;-721;20;-2004;-123;-23;49;-149;23;26;-207;350;-5;-923;302;-83;-131;94;28;42;-2586;-1849;16061;-604;16
21024;-580;27;-2039;104;71;120;-151;23;27;-211;274;-13;-918;302;-83;-120;-134;-70;111;-2592;-1777;16069;-576;16
21025;-586;45;-2129;51;27;22;-150;23;28;-211;273;-26;-972;307;-76;-115;-89;-14;18;-2565;-1711;16084;-468;16
21026;-655;55;-2052;-55;36;-90;-151;22;27;-208;304;-21;-949;307;-94;-131;18;-33;-103;-2528;-1762;16085;-454;16
21027;-717;42;-1996;-17;-1;-61;-150;22;29;-204;331;-14;-918;318;-88;-131;-8;7;-75;-2532;-1834;16076;-471;16
21028;-696;79;-2063;-24;-69;9;-151;23;27;-205;332;-18;-918;318;-76;-108;3;93;-13;-2611;-1864;16060;-465;16
21029;-638;118;-2177;34;60;73;-149;21;27;-207;302;-21;-981;307;-76;-113;-41;-62;77;-2595;-1826;16068;-437;16
21030;-594;46;-2109;-62;21;-39;-150;22;27;-209;280;-18;-966;313;-83;-115;41;-17;-49;-2528;-1792;16081;-493;16
21031;-741;27;-2085;-113;-97;12;-150;22;27;-198;347;-15;-934;324;-88;-120;88;97;-5;-2566;-1806;16071;-573;16
21032;-678;52;-2008;61;-32;41;-150;23;27;-200;321;-6;-908;313;-76;-124;-88;42;37;-2599;-1788;16068;-567;16
21033;-588;30;-2085;142;31;78;-150;22;26;-209;273;-27;-973;313;-76;-131;-158;-16;67;-2567;-1687;16088;-420;16
21034;-605;32;-2048;-72;-2;-50;-151;23;29;-201;278;-26;-939;307;-88;-120;46;7;-65;-2549;-1686;16092;-396;16
21035;-640;11;-2016;-131;-23;-32;-150;23;28;-203;296;-9;-923;331;-65;-124;103;27;-48;-2552;-1755;16081;-477;16
21036;-653;-3;-1995;-35;-40;16;-149;24;29;-198;307;-16;-942;302;-83;-120;11;56;-1;-2561;-1773;16078;-491;16
21037;-661;13;-1985;19;41;50;-150;23;28;-204;309;-23;-933;302;-72;-120;-52;-29;36;-2579;-1765;16076;-472;16
21038;-543;-26;-1967;-84;143;111;-150;21;29;-200;255;-26;-913;318;-76;-131;55;-131;88;-2503;-1695;16096;-456;16
21039;-689;58;-2059;-117;-47;21;-149;22;30;-206;322;-17;-954;313;-70;-115;99;55;11;-2495;-1722;16094;-483;16
21040;-709;24;-1987;-97;-4;-3;-149;21;27;-205;335;-4;-919;318;-76;-126;69;8;-14;-2563;-1739;16079;-557;16
21041;-575;38;-2050;172;89;132;-151;22;29;-203;276;-18;-917;318;-65;-115;-203;-85;128;-2578;-1682;16085;-480;16
21042;-600;51;-2131;18;16;4;-150;23;27;-206;278;-26;-966;302;-88;-139;-14;-31;-13;-2559;-1622;16097;-378;16
21043;-614;60;-2021;-121;-12;-70;-151;20;27;-205;288;-20;-942;318;-83;-115;101;17;-82;-2524;-1685;16095;-426;16
21044;-673;32;-2016;-51;-4;-18;-151;21;27;-205;317;-13;-953;302;-83;-126;23;13;-25;-2536;-1738;16086;-482;16
21045;-677;76;-2038;24;17;58;-150;22;27;-205;325;-16;-923;324;-72;-120;-48;-19;52;-2600;-1731;16077;-470;16
21046;-608;60;-2091;0;104;84;-149;22;27;-202;287;-23;-974;307;-76;-108;-15;-93;78;-2531;-1660;16096;-434;16
21047;-636;58;-2034;-81;-13;-40;-149;22;27;-205;297;-15;-943;313;-70;-126;59;18;-51;-2503;-1681;16097;-471;16
21048;-741;26;-2109;-98;-95;20;-151;21;28;-204;342;-14;-934;324;-76;-131;77;93;4;-2563;-1685;16086;-526;16
21049;-614;64;-2016;80;-22;42;-151;23;29;-204;293;-12;-915;313;-83;-120;-104;36;35;-2581;-1666;16085;-507;16
21050;-596;38;-2106;104;18;32;-152;22;27;-206;274;-29;-976;331;-83;-131;-127;-4;19;-2548;-1594;16102;-377;16
21051;-620;57;-2075;-80;-3;-26;-149;22;29;-197;292;-22;-944;307;-76;-120;58;6;-40;-2538;-1609;16102;-366;16
21052;-625;30;-2048;-154;-30;-30;-150;24;28;-207;297;-11;-929;307;-83;-120;126;35;-45;-2542;-1661;16093;-461;16
21053;-660;12;-2062;-49;-55;-9;-148;22;26;-202;309;-10;-948;318;-88;-120;23;59;-20;-2558;-1686;16087;-516;16
21054;-659;37;-2102;90;67;25;-150;21;28;-213;300;-15;-927;324;-83;-108;-93;-64;25;-2568;-1678;16086;-507;16
21055;-584;32;-2018;35;79;-7;-150;22;27;-206;265;-27;-929;307;-88;-124;-51;-87;15;-2500;-1619;16105;-442;16
21056;-708;57;-2022;-66;-61;-26;-151;22;28;-203;329;-25;-942;296;-83;-115;35;45;-45;-2487;-1658;16104;-422;16
21057;-683;34;-2002;-80;23;37;-151;22;26;-201;346;-6;-915;307;-76;-115;74;2;3;-2579;-1693;16083;-491;16
21058;-560;27;-2107;56;14;113;-150;21;28;-204;274;-18;-946;313;-76;-120;-80;18;101;-2576;-1630;16092;-442;16
21059;-602;55;-2121;-16;-26;-6;-151;21;30;-202;272;-25;-976;313;-72;-124;-25;29;-17;-2532;-1582;16105;-377;16
21060;-633;36;-2038;-102;-2;-60;-149;22;27;-200;285;-19;-926;318;-83;-120;76;-4;-58;-2517;-1605;16104;-419;16
21061;-671;24;-2049;-69;-18;12;-148;22;28;-196;313;-12;-926;296;-76;-120;73;27;3;-2525;-1651;16097;-477;16
21062;-638;43;-1987;-35;-63;-18;-151;22;27;-206;315;-11;-916;313;-76;-137;-1;85;-47;-2545;-1665;16092;-478;16
21063;-636;84;-2150;16;61;159;-153;22;29;-200;331;-21;-988;307;-81;-115;-129;2;59;-2558;-1655;16093;-415;16
21064;-587;55;-2060;-46;38;-21;-149;23;29;-201;269;-23;-949;331;-70;-124;-10;-49;-31;-2482;-1585;16112;-415;16
21065;-755;32;-2082;-138;-101;31;-150;23;28;-206;342;-21;-964;307;-81;-124;72;99;8;-2501;-1607;16106;-456;16
21066;-661;59;-2010;62;-8;30;-150;22;28;-201;318;-5;-919;307;-81;-115;-22;-11;5;-2538;-1615;16096;-545;16
21067;-556;23;-2079;186;88;98;-149;23;28;-196;251;-25;-947;324;-81;-137;-216;-106;119;-2513;-1507;16114;-431;16
21068;-571;29;-2069;-63;26;-57;-151;21;28;-205;263;-28;-950;302;-81;-124;29;-32;-52;-2475;-1488;16123;-364;16
21069;-650;26;-1973;-154;-56;-54;-148;22;27;-200;301;-17;-909;324;-81;-144;142;51;-69;-2476;-1577;16113;-429;16
21070;-684;19;-2039;-78;-77;37;-149;23;27;-207;327;-16;-934;318;-81;-132;61;79;23;-2518;-1618;16101;-480;16
21071;-655;42;-2124;-62;40;138;-148;23;30;-203;326;-20;-978;313;-81;-120;18;-30;106;-2537;-1588;16101;-475;16
21072;-642;145;-2167;41;-9;-16;-149;21;28;-204;289;-36;-964;307;-92;-124;-77;-10;-39;-2469;-1548;16116;-465;16
21073;-617;19;-2004;-339;-51;-46;-149;22;27;-207;291;-23;-932;307;-81;-137;318;34;-52;-2454;-1561;16113;-599;16
21074;-591;-67;-2012;30;-31;94;-148;23;26;-203;275;5;-899;331;-86;-120;14;51;98;-2508;-1586;16095;-753;16
21075;-724;163;-2197;-39;5;-117;-147;22;27;-205;341;-118;-957;307;-94;-115;1;-2;-112;-2531;-1599;16098;-569;16
21076;-584;-16;-2045;81;79;78;-148;21;28;-205;271;-14;-926;307;-88;-124;-42;-76;106;-2503;-1613;16100;-591;16
21077;-676;42;-2048;101;10;-11;-148;23;27;-210;307;-27;-943;313;-72;-137;-132;-18;2;-2481;-1584;16111;-455;16
21078;-674;78;-2037;38;-14;-63;-149;23;27;-205;318;-27;-935;307;-76;-148;-75;16;-72;-2505;-1610;16107;-379;16
21079;-603;69;-2056;-8;3;67;-151;21;28;-209;292;-28;-941;296;-76;-120;-49;-2;34;-2524;-1623;16103;-333;16
21080;-611;27;-2080;-110;13;-3;-149;23;27;-198;281;-23;-947;313;-92;-137;82;-10;-8;-2506;-1592;16108;-385;16
21081;-646;21;-2021;-85;13;19;-150;22;29;-198;304;-11;-929;331;-88;-137;71;-7;2;-2494;-1614;16106;-458;16
21082;-676;18;-2052;-22;-1;26;-149;21;29;-213;318;-15;-936;307;-83;-137;3;2;17;-2498;-1606;16105;-478;16
21083;-629;38;-2043;19;-8;-4;-149;24;28;-200;298;-17;-935;296;-88;-144;-44;11;-16;-2507;-1606;16105;-451;16
21084;-620;60;-2066;14;0;10;-151;21;29;-206;290;-25;-944;318;-76;-131;-43;7;3;-2513;-1602;16106;-409;16
21085;-634;50;-2051;-41;8;-2;-149;21;28;-204;294;-22;-938;296;-83;-115;14;-4;-12;-2510;-1601;16106;-401;16
21086;-650;44;-2052;-53;4;25;-149;22;28;-204;304;-18;-938;313;-76;-137;30;-4;12;-2507;-1605;16106;-422;16
21087;-650;25;-2059;-68;0;17;-149;22;26;-202;304;-12;-936;318;-88;-120;52;9;9;-2505;-1600;16106;-459;16
21088;-632;24;-2042;8;6;2;-150;22;28;-206;292;-13;-930;307;-83;-131;-17;4;-3;-2507;-1602;16105;-466;16
21089;-627;43;-2048;39;18;-13;-150;23;28;-195;294;-22;-932;318;-76;-120;-64;-11;-20;-2510;-1610;16105;-413;16
21090;-648;53;-2016;4;17;-28;-150;21;29;-202;304;-21;-926;318;-83;-124;-37;-15;-37;-2503;-1629;16106;-359;16
21091;-644;27;-2030;-43;-5;-18;-152;19;27;-194;306;-12;-934;331;-83;-124;17;9;-30;-2502;-1659;16103;-353;16
21092;-619;26;-2044;-1;-3;-17;-150;23;29;-198;293;-9;-937;307;-83;-131;-23;6;-24;-2511;-1684;16099;-352;16
21093;-623;17;-2057;-11;7;-24;-150;21;28;-202;289;-9;-939;318;-81;-124;-17;-3;-35;-2514;-1708;16096;-327;16
21094;-630;6;-2043;-17;14;-30;-148;21;28;-207;295;-6;-933;307;-81;-113;-7;-10;-40;-2510;-1738;16094;-322;16
21095;-642;16;-2053;-15;15;22;-151;20;29;-201;300;-6;-935;318;-75;-124;-8;-8;11;-2508;-1749;16093;-310;16
21096;-645;15;-2064;-35;11;-4;-151;22;29;-203;297;-6;-943;289;-75;-148;9;-7;-13;-2501;-1748;16094;-309;16
21097;-644;8;-2105;-80;13;8;-151;22;28;-207;300;-8;-956;313;-75;-132;54;-8;-6;-2494;-1756;16094;-350;16
21098;-649;20;-2097;-81;9;8;-150;22;29;-206;302;-8;-952;302;-81;-132;63;-5;-5;-2487;-1765;16093;-407;16
21099;-629;19;-2079;-56;22;17;-152;24;29;-196;295;-9;-948;313;-70;-115;40;-18;6;-2476;-1770;16092;-456;16
21100;-620;17;-2035;-26;5;2;-150;23;27;-202;290;-11;-931;324;-81;-131;10;-3;-6;-2469;-1772;16093;-476;16
21101;-622;29;-2046;-10;14;10;-150;24;30;-201;293;-12;-933;313;-81;-126;-12;-13;-1;-2468;-1772;16093;-468;16
21102;-628;40;-2033;14;8;15;-148;22;30;-203;292;-15;-931;302;-75;-161;-42;-6;4;-2468;-1769;16094;-443;16
21103;-623;43;-2080;-9;3;8;-150;23;28;-209;292;-18;-951;313;-68;-126;-19;-3;-2;-2470;-1765;16095;-417;16
21104;-617;38;-2063;-49;6;18;-151;21;28;-202;290;-18;-947;307;-68;-126;21;-2;6;-2470;-1765;16095;-420;16
21105;-616;38;-2070;-69;22;18;-151;22;29;-203;288;-16;-941;324;-75;-137;47;-16;8;-2460;-1770;16095;-456;16
21106;-632;28;-2059;-21;32;-1;-150;20;27;-203;294;-16;-939;324;-81;-124;1;-30;-9;-2446;-1772;16096;-487;16
21107;-626;33;-1986;-35;24;9;-148;22;28;-200;291;-18;-911;318;-81;-132;10;-19;0;-2430;-1780;16098;-477;16
21108;-651;39;-2060;-38;-8;3;-150;21;27;-203;303;-18;-945;313;-70;-131;16;12;-8;-2428;-1782;16097;-489;16
21109;-600;35;-2030;8;-17;23;-149;23;29;-206;283;-17;-926;313;-75;-137;-32;23;15;-2444;-1777;16096;-487;16
21110;-587;47;-2094;21;-3;47;-150;22;28;-212;275;-20;-951;318;-86;-137;-45;7;36;-2462;-1748;16097;-453;16
21111;-593;51;-2061;-57;11;72;-150;22;29;-199;276;-19;-944;307;-64;-131;34;-2;57;-2452;-1710;16103;-447;16
21112;-616;36;-2064;-152;11;107;-148;22;26;-197;287;-19;-945;302;-92;-120;133;-5;94;-2437;-1655;16108;-525;16
21113;-646;43;-2096;-24;16;30;-149;23;29;-202;301;-17;-958;313;-81;-137;5;-7;22;-2423;-1618;16112;-594;16
21114;-630;41;-2042;98;28;36;-151;22;28;-207;292;-18;-930;318;-81;-123;-120;-23;31;-2414;-1584;16118;-539;16
21115;-610;38;-2006;10;26;34;-150;21;26;-208;284;-29;-924;318;-75;-129;-35;-23;29;-2406;-1536;16127;-457;16
21116;-613;90;-2043;-83;13;11;-149;23;28;-200;294;-35;-944;324;-83;-124;40;-12;-17;-2398;-1557;16126;-451;16
21117;-589;51;-2073;-72;12;98;-151;23;27;-206;284;-23;-956;302;-81;-124;51;-7;85;-2392;-1530;16128;-499;16
21118;-602;53;-2057;73;17;1;-150;22;28;-205;282;-23;-940;313;-81;-118;-96;-5;-7;-2388;-1492;16133;-470;16
21119;-591;31;-2050;27;1;23;-150;21;29;-205;277;-22;-926;289;-81;-129;-48;7;14;-2388;-1478;16136;-417;16
21120;-582;52;-2049;28;35;87;-149;23;29;-207;276;-24;-936;318;-83;-129;-54;-27;76;-2375;-1437;16143;-356;16
21121;-586;31;-2021;-132;-18;6;-149;21;28;-203;275;-26;-935;307;-81;-142;107;21;1;-2366;-1389;16148;-397;16
21122;-631;48;-2057;-152;77;23;-151;23;27;-203;294;-22;-976;302;-94;-153;123;-82;9;-2336;-1433;16146;-481;16
21123;-611;61;-2011;-114;37;-26;-150;22;28;-210;291;-10;-916;296;-83;-137;94;-24;-48;-2361;-1491;16134;-589;16
21124;-603;45;-2085;135;7;-19;-152;22;30;-202;281;-20;-944;324;-88;-115;-164;9;-29;-2362;-1498;16134;-540;16
21125;-641;64;-2093;95;-1;-11;-150;23;28;-202;300;-23;-958;302;-83;-123;-126;12;-21;-2384;-1500;16135;-413;16
21126;-602;48;-2036;21;28;12;-149;22;28;-204;279;-23;-934;284;-76;-144;-49;-26;7;-2382;-1484;16138;-349;16
21127;-600;45;-2078;-25;-23;-11;-151;21;29;-200;279;-23;-958;313;-83;-123;-1;25;-21;-2382;-1493;16138;-337;16
21128;-589;33;-2041;-24;-15;-12;-150;22;30;-201;273;-20;-933;318;-94;-153;7;18;-18;-2402;-1509;16133;-347;16
21129;-600;28;-2039;-212;-19;119;-148;21;27;-204;282;-24;-945;318;-78;-136;185;24;101;-2414;-1497;16131;-379;16
21130;-581;53;-2043;-71;82;7;-148;24;29;-205;277;-18;-941;313;-84;-123;52;-78;3;-2383;-1500;16134;-462;16
21131;-637;54;-2096;-30;-25;-45;-151;23;29;-204;293;-18;-956;307;-100;-123;-3;39;-53;-2360;-1519;16134;-507;16
21132;-663;18;-2030;-63;-38;49;-149;23;27;-204;309;-20;-951;318;-84;-136;36;56;30;-2413;-1513;16126;-534;16
21133;-623;76;-2069;166;212;105;-148;23;28;-207;296;-7;-886;296;-89;-136;-217;-251;122;-2436;-1472;16127;-494;16
21134;-614;45;-2100;149;-26;38;-150;24;29;-204;284;-29;-929;296;-89;-136;-185;55;41;-2406;-1356;16147;-303;16
21135;-577;48;-2059;-91;-109;-107;-150;22;30;-205;273;-26;-948;313;-89;-136;55;114;-118;-2454;-1409;16135;-284;16
21136;-534;47;-2017;-156;-52;-140;-150;20;27;-196;251;-16;-914;312;-89;-123;135;60;-157;-2505;-1540;16114;-374;16
21137;-599;51;-2089;-29;16;85;-152;22;30;-206;281;-16;-950;302;-96;-118;6;-8;67;-2512;-1601;16106;-401;16
21138;-614;28;-2016;-90;164;82;-150;23;26;-206;285;-23;-941;318;-89;-123;59;-166;73;-2431;-1532;16125;-401;16
21139;-675;20;-2019;-123;52;67;-151;22;28;-204;318;-20;-922;313;-84;-136;106;-46;55;-2373;-1510;16134;-470;16
21140;-684;98;-2046;-21;-26;4;-151;22;28;-207;323;-17;-942;296;-67;-123;-17;28;-26;-2376;-1537;16131;-468;16
21141;-598;48;-2102;-10;-40;-15;-151;21;29;-215;278;-23;-926;289;-78;-134;-15;65;-25;-2426;-1513;16125;-489;16
21142;-537;36;-2022;-7;-82;-104;-149;19;27;-206;249;-18;-919;307;-73;-128;-34;89;-121;-2407;-1576;16123;-465;16
21143;-617;10;-2041;-57;-111;58;-151;23;28;-212;284;-16;-895;307;-78;-112;19;102;39;-2511;-1588;16105;-482;16
21144;-637;37;-2001;100;127;149;-148;20;29;-210;298;-25;-953;296;-96;-134;-107;-89;145;-2410;-1505;16132;-369;16
21145;-668;77;-2113;35;0;55;-150;23;30;-208;314;-27;-990;300;-84;-121;-34;25;51;-2365;-1433;16147;-276;16
21146;-627;34;-1975;-161;-100;-109;-149;23;28;-211;291;-24;-914;313;-84;-128;147;103;-130;-2420;-1476;16133;-343;16
21147;-613;48;-2041;-86;-42;-64;-151;21;27;-205;289;-13;-927;324;-89;-134;59;44;-70;-2474;-1591;16112;-430;16
21148;-591;39;-2103;-68;-22;69;-149;20;27;-212;282;-21;-961;302;-84;-116;51;25;59;-2495;-1584;16109;-465;16
21149;-590;10;-2059;-51;108;76;-151;22;27;-210;274;-20;-945;313;-78;-129;32;-108;70;-2421;-1538;16124;-491;16
21150;-684;43;-2078;2;57;31;-150;22;29;-210;319;-19;-956;307;-72;-116;-25;-57;22;-2380;-1518;16132;-478;16
21151;-709;75;-2082;41;7;-44;-152;23;29;-207;330;-20;-966;302;-78;-134;-73;-12;-55;-2381;-1518;16132;-456;16
21152;-625;27;-2047;-13;6;12;-150;21;26;-209;295;-22;-930;324;-84;-128;-16;8;3;-2414;-1512;16128;-443;16
21153;-580;65;-2018;14;-87;-92;-151;23;27;-199;272;-18;-917;318;-78;-145;-44;89;-112;-2429;-1565;16122;-410;16
21154;-629;34;-2119;-93;-66;75;-151;22;26;-204;297;-19;-943;307;-84;-132;78;81;62;-2515;-1573;16108;-423;16
21155;-628;55;-2068;35;112;125;-149;22;29;-210;295;-18;-924;313;-89;-126;-56;-116;128;-2490;-1507;16118;-411;16
21156;-632;53;-2118;30;25;76;-150;23;27;-206;293;-27;-983;284;-78;-121;-40;-10;65;-2416;-1406;16140;-341;16
21157;-618;44;-2025;-132;-71;-117;-150;22;28;-202;287;-19;-928;307;-78;-140;111;74;-132;-2431;-1447;16133;-401;16
21158;-663;59;-2074;-35;-64;-98;-151;21;28;-202;312;-9;-938;302;-80;-116;4;65;-102;-2486;-1554;16113;-463;16
21159;-635;63;-2098;50;-5;15;-151;23;29;-203;296;-17;-925;307;-86;-105;-83;0;10;-2523;-1566;16107;-444;16
21160;-626;74;-2107;34;58;51;-151;23;28;-208;295;-23;-952;284;-80;-116;-47;-50;45;-2469;-1510;16122;-385;16
21161;-673;60;-2121;26;33;-39;-151;22;28;-212;317;-20;-973;307;-80;-128;-53;-24;-46;-2416;-1505;16130;-374;16
21162;-665;10;-2039;-57;-24;-17;-151;23;26;-203;305;-24;-934;307;-80;-152;31;26;-38;-2431;-1509;16128;-371;16
21163;-628;35;-2057;-114;-22;60;-150;24;26;-206;292;-20;-929;320;-75;-134;86;17;44;-2472;-1516;16119;-446;16
21164;-550;25;-1984;-87;-13;-67;-151;23;28;-202;262;-21;-926;297;-91;-139;60;27;-85;-2436;-1528;16122;-506;16
21165;-647;56;-2106;-70;-73;65;-149;22;28;-196;304;-16;-970;315;-75;-121;58;79;58;-2497;-1562;16108;-531;16
21166;-692;68;-2057;83;-2;42;-151;23;28;-210;327;-17;-959;315;-86;-123;-103;15;44;-2509;-1519;16111;-514;16
21167;-646;47;-2055;154;105;113;-151;22;28;-198;304;-24;-964;308;-68;-116;-175;-85;108;-2452;-1414;16133;-405;16
21168;-596;13;-2017;-51;-10;-10;-150;21;29;-204;275;-28;-928;308;-91;-126;27;17;-33;-2438;-1373;16139;-365;16
21169;-605;29;-2008;-119;-92;-99;-150;22;25;-204;284;-19;-907;315;-86;-120;91;94;-114;-2493;-1476;16121;-408;16
21170;-635;53;-2038;-64;-38;7;-149;21;27;-200;297;-13;-937;291;-80;-134;43;44;2;-2540;-1549;16106;-432;16
21171;-610;66;-2067;-15;83;113;-150;22;27;-208;284;-22;-943;318;-68;-132;3;-81;106;-2546;-1510;16109;-421;16
21172;-634;12;-2029;-74;121;43;-150;22;28;-203;294;-18;-958;291;-86;-115;54;-164;45;-2426;-1464;16131;-443;16
21173;-629;6;-1931;-79;4;-25;-149;22;28;-199;295;-21;-917;297;-86;-120;49;-30;-25;-2377;-1479;16137;-452;16
21174;-731;78;-2067;-61;-164;-7;-150;22;28;-209;347;-15;-938;313;-91;-121;13;195;-77;-2471;-1555;16115;-468;16
21175;-649;45;-2049;-19;-19;109;-150;22;26;-208;324;-20;-943;318;-91;-126;-20;29;86;-2562;-1515;16104;-492;16
21176;-573;49;-2100;80;42;95;-150;22;28;-215;269;-22;-959;302;-80;-139;-124;-72;75;-2510;-1433;16121;-447;16
21177;-558;7;-2061;-45;-23;-78;-150;24;29;-220;246;-29;-953;302;-75;-120;28;-11;-23;-2447;-1374;16136;-415;16
21178;-627;30;-2013;-93;-34;-89;-150;20;27;-204;284;-18;-926;313;-86;-132;86;27;-104;-2460;-1483;16124;-454;16
21179;-698;38;-2038;-5;-53;6;-150;22;27;-208;324;-13;-930;302;-80;-120;-4;32;-14;-2491;-1544;16113;-464;16
21180;-626;-10;-1963;-7;102;128;-150;24;28;-201;296;-21;-888;307;-75;-115;-12;-96;127;-2501;-1489;16118;-423;16
21181;-610;-18;-2038;-89;51;37;-149;22;29;-205;284;-23;-951;307;-68;-110;74;-67;48;-2395;-1442;16139;-393;16
21182;-578;14;-1968;-75;12;9;-149;20;30;-203;273;-18;-919;331;-75;-115;64;-19;0;-2397;-1474;16135;-421;16
21183;-702;65;-2086;-90;-163;-17;-150;21;30;-214;320;-18;-957;296;-91;-121;47;177;-50;-2497;-1522;16115;-429;16
21184;-670;41;-2005;-34;25;99;-150;23;27;-206;327;-16;-945;307;-97;-128;12;-30;88;-2550;-1493;16108;-491;16
21185;-614;51;-2074;71;114;120;-150;23;27;-201;293;-18;-949;313;-91;-126;-104;-122;102;-2494;-1410;16125;-460;16
21186;-579;15;-2047;-54;-30;-44;-150;22;28;-198;266;-26;-950;288;-91;-115;24;22;-35;-2449;-1344;16138;-437;16
21187;-621;45;-2026;-64;-60;-69;-149;22;26;-200;291;-15;-924;283;-80;-121;48;62;-98;-2494;-1437;16123;-461;16
21188;-648;33;-2049;-17;-3;23;-149;23;28;-214;300;-18;-939;305;-80;-140;1;-2;7;-2515;-1465;16117;-461;16
21189;-646;53;-2034;-46;64;61;-150;23;25;-201;310;-20;-933;340;-86;-116;15;-6;37;-2534;-1448;16115;-464;16
21190;-623;23;-2068;-2;158;102;-148;22;29;-206;305;-19;-966;316;-81;-128;-69;-145;58;-2450;-1407;16133;-439;16
21191;-609;52;-2039;-5;5;-23;-149;20;28;-205;288;-23;-942;329;-88;-128;-67;6;-44;-2402;-1391;16142;-386;16
21192;-719;85;-2075;-36;-150;-98;-150;24;29;-205;331;-20;-942;316;-81;-140;0;151;-125;-2451;-1447;16131;-372;16
21193;-702;21;-2040;-72;11;132;-150;21;28;-211;334;-15;-922;312;-88;-116;66;8;115;-2548;-1447;16114;-428;16
21194;-595;53;-2082;54;131;117;-149;23;28;-202;282;-18;-934;305;-86;-116;-69;-113;107;-2522;-1355;16126;-429;16
21195;-562;20;-2101;-88;-39;22;-149;22;29;-207;261;-28;-970;305;-76;-116;51;29;30;-2467;-1277;16142;-412;16
21196;-612;61;-2058;-101;-60;-86;-150;23;28;-214;285;-17;-936;310;-81;-134;71;72;-109;-2506;-1348;16128;-476;16
21197;-676;63;-2081;15;18;-20;-150;22;28;-202;312;-13;-929;299;-70;-121;-30;7;-43;-2531;-1408;16118;-499;16
21198;-678;55;-2063;49;-12;-4;-150;22;27;-201;317;-19;-929;315;-92;-128;-69;28;-10;-2522;-1392;16122;-459;16
21199;-676;82;-2112;87;104;42;-151;22;27;-208;327;-18;-969;321;-81;-121;-126;-92;14;-2493;-1375;16130;-388;16
21200;-614;56;-2106;14;35;-8;-152;22;28;-208;291;-24;-953;304;-81;-140;-54;-29;-20;-2438;-1337;16143;-338;16
21201;-624;28;-1963;-105;-102;-70;-151;22;27;-200;281;-23;-920;299;-76;-121;83;85;-70;-2446;-1362;16139;-368;16
21202;-684;63;-2061;-135;-67;95;-149;23;28;-206;326;-15;-931;304;-92;-128;108;84;57;-2550;-1423;16116;-431;16
21203;-633;27;-2021;-54;-3;146;-150;22;28;-199;313;-21;-950;315;-76;-121;28;-1;137;-2540;-1323;16124;-490;16
21204;-602;38;-2056;14;55;103;-150;24;28;-206;283;-23;-964;321;-104;-112;-46;-77;96;-2473;-1237;16142;-474;16
21205;-617;21;-2037;-58;-77;-63;-151;23;26;-201;284;-25;-931;299;-81;-116;36;79;-57;-2485;-1227;16141;-471;16
21206;-642;31;-2044;1;-38;-77;-150;22;28;-204;296;-18;-915;310;-88;-128;-8;54;-86;-2530;-1306;16128;-472;16
21207;-660;63;-2099;57;8;-2;-149;22;28;-207;306;-18;-943;292;-75;-105;-75;7;-20;-2549;-1336;16124;-419;16
21208;-645;36;-2067;76;126;26;-151;23;27;-203;289;-22;-907;310;-76;-128;-77;-101;29;-2535;-1298;16130;-378;16
21209;-634;20;-2036;-26;74;34;-152;21;28;-201;291;-25;-930;315;-81;-121;10;-79;47;-2471;-1254;16144;-344;16
21210;-665;38;-2036;-68;-26;30;-149;21;29;-204;308;-22;-949;310;-88;-128;41;10;20;-2450;-1251;16147;-359;16
21211;-637;47;-2050;-81;-25;-6;-151;22;29;-203;299;-18;-936;315;-88;-140;57;28;-22;-2489;-1266;16139;-409;16
21212;-649;61;-2065;-17;-69;-28;-151;22;27;-199;304;-18;-934;310;-76;-121;-6;68;-41;-2518;-1283;16132;-445;16
21213;-651;32;-2089;-29;28;85;-152;22;29;-208;306;-18;-935;304;-92;-105;19;-6;72;-2540;-1258;16130;-461;16
21214;-658;31;-2052;9;-27;56;-151;22;28;-208;310;-19;-919;328;-88;-134;-26;48;47;-2528;-1198;16137;-438;16
21215;-650;31;-2116;36;0;37;-148;21;29;-211;301;-22;-959;286;-92;-116;-53;3;32;-2507;-1160;16145;-378;16
21216;-604;30;-2019;-62;-46;-64;-149;22;27;-201;283;-22;-912;310;-100;-116;47;59;-59;-2548;-1167;16138;-383;16
21217;-581;36;-2072;-58;14;-33;-151;23;28;-209;276;-16;-926;292;-76;-112;31;-12;-45;-2558;-1231;16131;-404;16
21218;-664;47;-2105;-11;-77;-7;-150;21;28;-202;307;-16;-943;328;-88;-116;-15;83;-17;-2555;-1260;16130;-395;16
21219;-642;1;-1986;-45;81;122;-150;23;25;-208;305;-19;-897;315;-92;-116;23;-78;110;-2539;-1193;16137;-389;16
21220;-660;14;-1997;-65;59;68;-150;22;26;-194;312;-19;-915;310;-88;-128;42;-52;57;-2477;-1157;16150;-380;16
21221;-637;51;-2062;-31;-26;0;-150;22;30;-209;306;-20;-954;316;-94;-136;8;34;-9;-2470;-1160;16151;-367;16
21222;-617;37;-1975;-87;-95;-36;-151;24;29;-208;287;-22;-919;312;-88;-145;64;102;-51;-2508;-1186;16142;-402;16
21223;-700;49;-2126;-125;-39;90;-150;22;27;-207;325;-14;-948;305;-92;-116;109;71;64;-2589;-1197;16127;-474;16
21224;-623;24;-2029;40;24;83;-151;22;28;-195;295;-18;-915;300;-94;-120;-47;-23;75;-2551;-1124;16138;-484;16
21225;-628;28;-2045;90;3;40;-151;24;29;-207;293;-24;-955;312;-92;-115;-130;-18;45;-2510;-1057;16152;-365;16
21226;-633;31;-2039;1;-11;-64;-149;23;28;-204;295;-22;-935;305;-81;-115;-19;3;-59;-2519;-1077;16150;-316;16
21227;-640;43;-2023;-50;-41;-62;-149;22;28;-210;293;-20;-918;312;-76;-112;30;40;-73;-2540;-1137;16143;-311;16
21228;-642;21;-2022;-92;-63;7;-152;22;25;-197;306;-18;-946;305;-92;-136;67;26;-1;-2556;-1178;16137;-334;16
21229;-645;-6;-2030;-29;46;108;-150;23;26;-203;293;-20;-912;304;-88;-129;28;-54;103;-2571;-1157;16136;-357;16
21230;-610;-18;-1999;-105;95;62;-150;22;27;-201;281;-26;-919;299;-88;-128;85;-92;50;-2487;-1081;16154;-385;16
21231;-640;18;-1994;-101;2;-16;-148;24;27;-203;297;-19;-915;304;-88;-116;76;-1;-25;-2468;-1118;16153;-419;16
21232;-730;68;-2057;-16;-135;-65;-150;21;28;-196;340;-15;-937;304;-81;-116;-9;139;-76;-2549;-1186;16135;-426;16
21233;-677;29;-2082;16;55;95;-150;24;27;-197;315;-17;-951;310;-81;-116;-36;-49;87;-2607;-1151;16129;-426;16
21234;-585;45;-2035;27;102;60;-150;21;27;-193;274;-16;-899;304;-81;-121;-52;-95;51;-2596;-1097;16134;-425;16
21235;-619;24;-2129;8;-2;41;-149;21;28;-202;282;-27;-975;310;-81;-110;-33;10;32;-2547;-1031;16148;-359;16
21236;-643;59;-2007;-56;-18;-88;-149;22;27;-206;303;-16;-919;304;-99;-128;29;21;-98;-2573;-1091;16139;-382;16
21237;-669;39;-2032;-57;4;3;-149;22;29;-207;312;-18;-925;299;-92;-116;32;1;-9;-2590;-1125;16134;-398;16
21238;-663;27;-2034;-35;-46;8;-149;22;26;-202;309;-21;-952;292;-92;-121;13;53;-4;-2573;-1126;16136;-407;16
21239;-680;46;-2122;60;33;20;-151;22;27;-197;313;-17;-956;310;-88;-121;-51;-33;22;-2579;-1113;16137;-388;16
21240;-637;41;-2067;27;40;7;-150;23;26;-199;294;-22;-932;304;-81;-116;-32;-36;15;-2531;-1066;16148;-373;16
21241;-637;40;-2060;2;-7;-48;-148;22;27;-198;295;-24;-948;299;-81;-116;-20;-7;-39;-2494;-1064;16154;-356;16
21242;-645;28;-1952;-35;-27;-37;-150;22;28;-200;298;-18;-908;299;-88;-129;11;31;-48;-2528;-1117;16145;-369;16
21243;-699;53;-2068;-49;-59;62;-150;23;28;-206;328;-20;-938;299;-88;-116;27;67;48;-2598;-1121;16134;-360;16
21244;-657;39;-2039;-38;17;66;-150;22;28;-196;309;-18;-952;286;-81;-136;13;-13;53;-2582;-1060;16140;-404;16
21245;-615;39;-2058;48;49;52;-149;22;28;-205;286;-23;-961;299;-92;-112;-75;-44;45;-2543;-1005;16150;-386;16
21246;-634;27;-2047;-43;-37;-13;-148;22;27;-197;295;-26;-946;315;-92;-121;16;42;-23;-2561;-994;16148;-373;16
21247;-626;43;-2018;-65;-9;-42;-150;22;30;-202;294;-16;-918;310;-99;-99;39;13;-54;-2586;-1047;16140;-394;16
21248;-650;41;-2072;-11;4;13;-151;22;25;-200;305;-15;-951;328;-92;-116;-13;4;3;-2591;-1074;16138;-389;16
21249;-657;65;-2090;9;-43;2;-151;23;29;-203;308;-18;-923;328;-88;-112;-34;56;-9;-2599;-1068;16137;-367;16
21250;-665;76;-2082;34;97;79;-148;22;28;-197;312;-22;-944;310;-92;-112;-61;-87;69;-2551;-1031;16148;-320;16
21251;-652;38;-2070;-31;49;-10;-149;23;27;-201;306;-24;-963;321;-88;-123;5;-44;-20;-2478;-1009;16161;-317;16
21252;-659;26;-1954;-138;-65;-34;-149;21;28;-206;309;-18;-908;304;-92;-126;117;64;-47;-2520;-1048;16150;-392;16
21253;-731;43;-2131;-61;-68;78;-149;22;28;-201;342;-12;-964;310;-80;-115;42;75;65;-2618;-1070;16132;-449;16
21254;-594;25;-2004;52;30;46;-149;22;28;-194;280;-18;-911;304;-92;-105;-73;-25;40;-2613;-982;16138;-454;16
21255;-602;37;-2103;105;48;55;-148;22;28;-208;279;-26;-970;304;-81;-116;-123;-21;38;-2557;-932;16153;-332;16
21256;-628;29;-2011;-72;-32;-54;-149;24;28;-204;294;-21;-912;315;-92;-115;49;36;-62;-2570;-953;16150;-314;16
21257;-657;26;-2016;-86;-37;-40;-147;23;28;-200;305;-20;-920;299;-81;-115;62;40;-53;-2588;-1022;16143;-333;16
21258;-653;12;-1986;-85;-36;11;-150;23;28;-202;309;-20;-936;304;-88;-120;62;37;0;-2597;-1053;16139;-352;16
21259;-635;10;-2021;-37;65;84;-149;22;25;-204;296;-19;-915;315;-81;-139;17;-56;76;-2623;-1052;16134;-363;16
21260;-615;1;-2043;-91;87;52;-148;22;29;-200;284;-23;-931;304;-86;-115;69;-84;46;-2543;-1006;16150;-363;16
21261;-613;13;-2000;-78;-2;-23;-149;20;28;-210;290;-23;-914;299;-86;-126;56;5;-32;-2509;-1019;16154;-389;16
21262;-719;52;-2055;-49;-116;-73;-150;22;28;-204;337;-15;-920;300;-80;-126;28;123;-90;-2572;-1098;16138;-421;16
21263;-677;32;-2032;-35;-2;96;-150;21;28;-196;317;-17;-923;312;-86;-132;18;10;83;-2630;-1074;16130;-431;16
21264;-592;34;-2057;22;77;103;-148;23;29;-197;277;-19;-914;305;-91;-132;-40;-63;95;-2623;-1011;16136;-420;16
21265;-592;36;-2097;16;0;42;-150;23;29;-202;274;-27;-966;300;-108;-104;-42;1;36;-2570;-942;16150;-346;16
21266;-644;46;-2024;-74;-33;-71;-148;23;29;-195;300;-20;-922;312;-86;-120;47;36;-84;-2594;-982;16143;-367;16
21267;-654;29;-2004;-66;10;-25;-151;23;29;-202;310;-16;-918;300;-86;-126;47;-4;-35;-2605;-1036;16137;-400;16
21268;-694;29;-2071;-19;-66;15;-149;22;28;-204;325;-17;-938;305;-91;-126;-15;73;1;-2630;-1052;16132;-392;16
21269;-642;36;-2082;48;79;30;-149;23;27;-202;304;-20;-955;312;-91;-110;-95;-79;8;-2602;-1015;16140;-364;16
21270;-616;19;-2008;-28;68;9;-151;21;28;-195;286;-25;-923;312;-80;-115;-6;-60;-15;-2536;-982;16153;-359;16
21271;-640;26;-2027;-94;-12;-13;-148;24;27;-202;295;-20;-917;294;-80;-115;60;4;-31;-2539;-1021;16149;-380;16
21272;-689;49;-1991;-30;-98;-35;-152;23;28;-200;327;-19;-908;310;-86;-123;1;103;-45;-2588;-1069;16139;-376;16
21273;-704;37;-2062;-65;19;111;-149;21;28;-203;333;-17;-947;310;-88;-129;43;-18;104;-2644;-1046;16131;-395;16
21274;-607;50;-2054;64;107;88;-148;23;28;-208;280;-19;-939;299;-80;-115;-95;-97;85;-2595;-973;16143;-377;16
21275;-598;24;-2084;-50;-31;-1;-150;23;27;-210;279;-26;-969;321;-81;-120;42;49;-30;-2554;-920;16154;-358;16
21276;-656;65;-2055;-68;-46;-80;-151;25;27;-205;306;-15;-932;292;-92;-115;44;47;-79;-2588;-1001;16142;-399;16
21277;-676;50;-2046;2;-1;-30;-150;22;26;-212;316;-15;-939;304;-99;-120;-27;3;-33;-2595;-1038;16139;-404;16
21278;-705;86;-2096;61;9;18;-149;22;30;-198;330;-15;-948;315;-99;-110;-87;4;3;-2626;-1036;16135;-371;16
21279;-628;54;-2035;18;157;60;-150;22;28;-205;306;-22;-976;310;-88;-116;-119;-191;17;-2537;-985;16153;-316;16
21280;-659;56;-2064;-104;-40;-18;-150;24;29;-204;311;-22;-948;310;-92;-134;56;56;-48;-2514;-990;16156;-326;16
21281;-694;55;-2030;-68;-102;-21;-150;22;30;-203;314;-20;-923;329;-92;-115;39;90;-29;-2547;-1011;16149;-373;16
21282;-704;40;-2102;-99;-12;92;-149;22;26;-203;336;-14;-957;305;-92;-132;90;30;71;-2621;-1007;16136;-443;16
21283;-587;28;-2039;83;95;76;-149;21;27;-195;276;-18;-913;300;-99;-115;-61;-61;76;-2623;-938;16138;-477;16
21284;-590;28;-2078;86;27;48;-148;20;27;-194;270;-26;-964;312;-99;-104;-135;-38;66;-2547;-857;16158;-353;16
21285;-660;74;-2041;-42;-25;-117;-148;23;26;-214;303;-22;-927;312;-99;-115;9;36;-134;-2543;-896;16158;-313;16
21286;-687;51;-2024;-37;-1;-37;-149;23;29;-204;325;-16;-919;312;-88;-112;17;10;-55;-2561;-977;16150;-324;16
21287;-707;74;-2121;-12;-68;-7;-150;23;29;-198;334;-17;-950;312;-88;-121;-12;84;-33;-2598;-1014;16142;-321;16
21288;-627;50;-2152;44;81;3;-152;24;26;-203;276;-21;-928;316;-81;-121;-20;-59;31;-2594;-981;16144;-331;16
21289;-608;49;-2083;-50;8;-15;-150;22;27;-202;273;-25;-946;312;-81;-110;44;-34;11;-2517;-946;16158;-352;16
21290;-657;39;-1980;-63;-17;-28;-149;21;28;-202;303;-21;-936;300;-92;-115;54;-11;-30;-2500;-975;16158;-405;16
21291;-738;60;-2054;-26;-40;47;-150;23;27;-203;342;-15;-914;316;-88;-121;10;64;15;-2589;-1005;16141;-425;16
21292;-675;33;-2052;-26;-37;72;-149;23;27;-202;329;-22;-935;305;-92;-121;3;40;66;-2619;-949;16140;-431;16
21293;-560;31;-2067;118;91;91;-149;22;30;-205;264;-24;-942;316;-92;-112;-141;-89;87;-2566;-873;16154;-372;16
21294;-587;20;-2045;-43;-37;-60;-150;23;28;-196;264;-27;-947;300;-92;-116;15;36;-61;-2559;-842;16158;-324;16
21295;-644;51;-2043;-63;-30;-73;-150;23;27;-200;295;-18;-927;316;-88;-112;42;34;-90;-2578;-942;16149;-347;16
21296;-683;39;-2037;-37;3;23;-149;22;30;-205;320;-19;-939;312;-88;-134;14;-4;8;-2591;-966;16145;-361;16
21297;-637;20;-1983;-24;81;59;-150;22;29;-202;302;-20;-905;316;-99;-121;3;-68;55;-2591;-946;16146;-366;16
21298;-590;-12;-1984;-73;127;73;-148;22;29;-211;276;-24;-927;305;-88;-116;65;-153;93;-2508;-909;16161;-355;16
21299;-616;33;-2075;-96;-50;-11;-149;22;28;-202;294;-23;-961;305;-88;-128;71;41;-14;-2490;-927;16163;-366;16
21300;-689;51;-2037;-5;-99;-43;-151;22;28;-203;318;-17;-906;312;-88;-128;10;103;-60;-2540;-968;16152;-396;16
21301;-685;35;-2045;19;43;97;-148;21;29;-201;322;-19;-939;294;-92;-121;-24;-21;83;-2597;-955;16144;-373;16
21302;-600;36;-2037;52;101;64;-150;21;28;-202;278;-20;-910;316;-81;-128;-39;-52;65;-2592;-887;16149;-355;16
21303;-596;34;-2108;-57;3;64;-152;23;28;-205;279;-26;-981;305;-88;-129;3;1;63;-2545;-824;16161;-307;16
21304;-629;46;-2036;-96;-23;-68;-150;23;27;-202;294;-17;-931;305;-88;-116;70;38;-91;-2561;-860;16156;-361;16
21305;-670;49;-2114;-15;14;-31;-148;23;29;-204;310;-16;-936;316;-92;-116;5;22;-46;-2580;-910;16149;-394;16
21306;-711;85;-2131;33;-61;-11;-150;22;27;-206;328;-16;-927;300;-92;-105;-51;91;-30;-2617;-929;16142;-380;16
21307;-643;73;-2105;76;120;16;-153;22;26;-202;295;-23;-945;316;-99;-104;-109;-109;10;-2574;-881;16153;-334;16
21308;-634;53;-2087;21;55;-7;-148;22;27;-206;290;-24;-968;288;-104;-105;-48;-58;-14;-2501;-863;16166;-307;16
21309;-653;42;-2003;-76;-62;-28;-150;21;26;-205;300;-19;-925;294;-88;-116;49;59;-41;-2513;-887;16163;-321;16
21310;-727;62;-2110;-107;-57;90;-149;24;26;-206;343;-16;-949;316;-99;-110;78;67;67;-2599;-897;16148;-363;16
21311;-636;24;-2036;-57;7;83;-149;22;25;-212;308;-15;-919;300;-99;-97;44;4;71;-2616;-832;16146;-439;16
21312;-580;45;-2098;107;49;73;-149;22;26;-217;271;-24;-970;300;-104;-105;-138;-52;70;-2552;-760;16162;-369;16
21313;-608;25;-2019;-19;-12;-101;-149;22;28;-208;273;-27;-931;312;-99;-121;-11;7;-100;-2536;-758;16166;-318;16
21314;-660;38;-1994;-61;-30;-62;-150;24;26;-216;310;-18;-921;294;-104;-99;33;28;-87;-2566;-863;16156;-316;16
21315;-685;43;-2017;-34;-30;4;-149;23;27;-211;322;-20;-942;294;-110;-116;3;11;-16;-2589;-906;16150;-306;16
21316;-605;37;-1986;-52;57;82;-148;23;25;-213;294;-20;-911;294;-99;-97;9;-21;54;-2619;-900;16146;-300;16
21317;-581;15;-2051;-122;90;98;-149;23;26;-221;280;-22;-968;316;-110;-116;59;-103;75;-2534;-863;16161;-307;16
21318;-619;42;-2007;-122;-3;-15;-150;24;26;-210;292;-20;-928;283;-99;-121;94;11;-31;-2514;-875;16162;-361;16
21319;-731;61;-2057;-48;-110;-22;-150;23;25;-219;340;-15;-928;312;-110;-89;25;114;-42;-2558;-915;16152;-404;16
21320;-718;34;-2047;-42;-38;88;-149;23;26;-211;342;-20;-936;288;-99;-118;23;44;75;-2631;-888;16141;-422;16
21321;-578;49;-2051;110;103;72;-150;23;25;-216;280;-20;-940;288;-92;-92;-133;-98;64;-2603;-825;16150;-384;16
21322;-553;19;-2059;-28;-20;9;-150;22;25;-214;259;-30;-957;294;-99;-116;-6;22;9;-2562;-771;16161;-299;16
21323;-641;55;-2053;-102;-43;-90;-151;23;24;-210;302;-18;-924;288;-110;-110;73;55;-113;-2613;-867;16148;-320;16
21324;-684;54;-2061;-24;24;-12;-149;24;25;-222;317;-17;-937;312;-99;-110;-3;-17;-27;-2617;-920;16144;-346;16
21325;-715;71;-2106;-25;-43;-2;-148;23;27;-219;333;-18;-955;323;-104;-105;-5;55;-22;-2626;-929;16142;-353;16
21326;-689;81;-2133;46;76;-9;-150;23;26;-214;314;-18;-970;305;-100;-105;-68;-69;-18;-2589;-910;16148;-364;16
21327;-646;47;-2082;6;10;-58;-149;23;25;-217;298;-23;-957;283;-92;-112;-31;-15;-56;-2543;-886;16157;-370;16
21328;-649;45;-2010;-3;-20;-51;-150;24;28;-215;295;-20;-921;312;-92;-97;-19;12;-61;-2552;-931;16153;-367;16
21329;-707;73;-2043;6;-61;-6;-149;24;27;-218;331;-18;-923;312;-89;-105;-29;70;-27;-2619;-975;16140;-351;16
21330;-678;40;-2051;-61;-24;69;-150;24;28;-214;320;-20;-939;316;-89;-99;38;24;54;-2652;-944;16136;-367;16
21331;-586;23;-2060;50;77;88;-149;24;25;-211;272;-23;-937;305;-112;-105;-63;-75;88;-2622;-885;16144;-373;16
21332;-601;10;-2072;-93;-24;-1;-150;24;26;-216;279;-25;-954;300;-105;-104;68;32;-1;-2612;-844;16149;-353;16
21333;-661;56;-2022;-73;-26;-63;-151;22;26;-208;307;-15;-925;312;-100;-105;52;27;-82;-2628;-924;16141;-396;16
21334;-680;41;-2056;13;41;18;-148;21;25;-218;318;-18;-929;312;-100;-112;-38;-28;10;-2634;-941;16139;-390;16
21335;-704;70;-2087;5;-59;-22;-150;23;26;-223;329;-16;-941;294;-105;-116;-30;76;-43;-2639;-957;16138;-356;16
21336;-646;60;-2085;53;97;25;-150;24;26;-224;300;-22;-948;305;-89;-104;-81;-90;22;-2612;-924;16145;-331;16
21337;-647;48;-2081;-67;1;-4;-149;23;27;-219;300;-22;-951;305;-100;-105;39;2;-15;-2580;-912;16150;-338;16
21338;-641;32;-1983;-76;-29;-31;-151;22;26;-219;302;-19;-924;300;-100;-116;50;23;-39;-2574;-936;16149;-381;16
21339;-728;69;-2069;-12;-44;43;-149;22;26;-223;341;-18;-930;305;-83;-116;-15;58;18;-2645;-970;16136;-377;16
21340;-656;31;-2020;-21;22;48;-151;22;26;-217;314;-19;-913;316;-94;-112;2;-12;39;-2652;-924;16137;-382;16
21341;-622;43;-2053;37;27;44;-150;23;26;-216;287;-25;-968;300;-94;-116;-67;-45;42;-2590;-885;16150;-334;16
21342;-611;40;-2028;-85;-37;-69;-149;25;26;-223;285;-23;-927;300;-89;-105;58;37;-73;-2610;-900;16146;-343;16
21343;-623;41;-2040;-55;-4;-16;-152;21;25;-218;291;-20;-943;305;-94;-99;32;12;-26;-2615;-968;16141;-361;16
21344;-683;46;-2041;-62;32;-3;-151;24;27;-218;315;-19;-948;312;-89;-121;38;-24;-13;-2604;-991;16141;-378;16
21345;-683;47;-2010;3;53;42;-149;24;25;-229;320;-14;-906;283;-94;-99;-32;-55;38;-2619;-1000;16138;-390;16
21346;-638;-1;-2015;-27;90;96;-150;24;27;-210;306;-25;-936;323;-88;-110;5;-80;79;-2564;-941;16151;-341;16
21347;-625;49;-2047;-73;15;-8;-151;22;29;-220;301;-23;-947;288;-88;-134;50;-8;-17;-2538;-958;16154;-336;16
21348;-672;56;-2019;-77;-119;-61;-151;22;27;-212;312;-18;-919;300;-94;-112;55;121;-75;-2586;-1011;16143;-377;16
21349;-716;47;-2085;-79;-41;68;-150;23;26;-221;337;-18;-943;294;-94;-105;61;54;53;-2656;-1009;16130;-422;16
21350;-626;43;-2038;67;102;66;-150;25;26;-211;295;-18;-917;313;-83;-121;-73;-86;61;-2651;-957;16134;-442;16
21351;-611;39;-2108;14;17;38;-149;24;26;-221;281;-27;-965;283;-83;-116;-47;-15;40;-2593;-886;16149;-371;16
21352;-645;62;-2056;-65;-50;-101;-150;23;25;-225;304;-19;-930;288;-94;-112;39;63;-120;-2605;-943;16144;-380;16
21353;-662;39;-2020;-23;-5;-36;-151;23;26;-218;309;-18;-923;300;-94;-116;8;10;-46;-2629;-1004;16136;-397;16
21354;-681;31;-2112;-36;-87;-11;-152;23;27;-215;320;-22;-966;312;-89;-105;11;73;-13;-2629;-1017;16135;-382;16
21355;-696;88;-2171;98;34;34;-151;23;26;-211;324;-21;-961;316;-94;-116;-117;-20;22;-2625;-1009;16137;-351;16
21356;-669;42;-2078;-41;13;-26;-148;22;27;-218;312;-26;-953;316;-83;-116;12;-8;-45;-2549;-952;16153;-349;16
21357;-646;32;-1979;-105;15;-2;-151;23;29;-226;301;-23;-908;288;-89;-118;77;-5;-19;-2543;-971;16151;-413;16
21358;-718;82;-2063;-27;-98;-13;-151;22;27;-217;338;-19;-931;307;-89;-107;2;99;-17;-2629;-1018;16133;-454;16
21359;-638;38;-2037;-24;-24;95;-151;24;27;-211;299;-22;-924;316;-89;-100;1;32;80;-2665;-967;16130;-458;16
21360;-601;55;-2067;92;112;106;-150;23;26;-213;281;-27;-958;296;-94;-113;-112;-95;103;-2602;-884;16147;-397;16
21361;-666;56;-2072;-60;-70;-64;-150;22;28;-220;306;-26;-940;318;-94;-118;38;76;-78;-2588;-869;16151;-367;16
21362;-652;46;-1986;-126;-24;-37;-149;24;27;-210;309;-18;-904;302;-105;-113;100;25;-49;-2616;-937;16141;-429;16
21363;-704;104;-2169;104;-11;-39;-151;23;27;-217;332;-17;-979;296;-105;-113;-130;8;-38;-2645;-982;16134;-413;16
21364;-605;46;-1993;97;48;-29;-149;21;25;-219;279;-20;-881;313;-100;-112;-130;-46;-39;-2646;-950;16137;-369;16
21365;-638;25;-2040;-1;132;128;-150;23;27;-221;299;-28;-948;313;-89;-105;-14;-127;122;-2570;-890;16154;-279;16
21366;-673;52;-1998;-101;15;18;-150;22;26;-221;319;-20;-919;284;-94;-116;82;-13;10;-2549;-893;16157;-298;16
21367;-724;67;-2046;-86;-120;-11;-151;21;26;-220;341;-23;-944;302;-105;-118;67;130;-26;-2585;-905;16150;-326;16
21368;-727;78;-2064;-105;-50;85;-150;23;25;-219;348;-18;-956;284;-100;-121;89;52;79;-2673;-904;16135;-390;16
21369;-597;51;-2078;65;115;76;-150;23;27;-225;279;-20;-948;313;-100;-99;-91;-112;69;-2643;-826;16143;-414;16
21370;-598;38;-2090;-51;-17;71;-149;23;24;-222;276;-27;-959;324;-105;-112;36;21;57;-2599;-755;16154;-403;16
21371;-669;48;-2063;-48;-9;-89;-149;24;25;-218;316;-18;-945;289;-100;-105;21;15;-100;-2610;-811;16149;-437;16
21372;-689;40;-1999;42;-1;-21;-149;23;26;-220;318;-20;-918;313;-100;-113;-72;14;-30;-2618;-842;16146;-412;16
21373;-689;42;-2042;57;-58;-20;-149;23;27;-227;323;-25;-934;302;-94;-107;-81;67;-29;-2623;-843;16147;-326;16
21374;-677;74;-2160;88;46;3;-150;22;25;-224;321;-26;-967;296;-94;-94;-119;-37;-4;-2608;-842;16151;-243;16
21375;-656;66;-2087;-32;-58;-68;-149;23;25;-221;307;-25;-946;289;-94;-100;5;68;-84;-2548;-830;16162;-239;16
21376;-676;50;-1982;-88;-79;-39;-151;23;25;-212;315;-21;-909;289;-94;-99;62;86;-55;-2576;-873;16153;-316;16
21377;-724;61;-2098;-137;-37;84;-149;23;27;-215;340;-19;-946;296;-99;-89;119;39;70;-2646;-885;16140;-381;16
21378;-627;43;-2081;12;60;75;-150;25;26;-217;292;-19;-938;307;-99;-113;-38;-55;66;-2633;-820;16144;-438;16
21379;-615;42;-2069;8;5;48;-151;22;26;-221;287;-25;-949;307;-92;-100;-31;-1;38;-2586;-763;16156;-402;16
21380;-659;48;-2031;-18;-34;-67;-150;22;25;-222;305;-22;-916;302;-104;-113;-7;39;-78;-2595;-788;16153;-392;16
21381;-669;53;-2039;15;12;-36;-149;24;26;-218;314;-20;-927;318;-92;-113;-44;-11;-35;-2604;-846;16150;-355;16
21382;-690;58;-2036;37;-23;-2;-152;23;28;-216;321;-23;-951;313;-99;-107;-48;51;-10;-2616;-854;16149;-294;16
21383;-652;40;-2064;23;84;55;-151;23;27;-224;305;-25;-933;302;-92;-94;-58;-74;40;-2603;-829;16153;-260;16
21384;-636;22;-2034;-87;26;3;-149;23;26;-210;293;-26;-930;296;-92;-118;52;-8;-34;-2551;-804;16162;-286;16
21385;-643;29;-2007;-106;-26;21;-151;22;26;-214;302;-19;-917;307;-92;-100;70;31;0;-2561;-828;16158;-348;16
21386;-681;44;-2005;-52;-74;-6;-148;23;25;-225;324;-18;-909;313;-104;-107;13;78;-15;-2611;-849;16148;-377;16
21387;-682;21;-2029;-80;15;96;-150;23;24;-227;314;-21;-935;284;-99;-100;61;-10;83;-2622;-814;16147;-397;16
21388;-599;44;-2063;27;51;89;-149;23;26;-219;292;-19;-954;296;-92;-94;-67;-66;63;-2584;-772;16156;-371;16
21389;-631;35;-2040;-41;-33;-41;-148;24;26;-222;290;-25;-937;296;-99;-100;2;37;-27;-2572;-744;16160;-348;16
21390;-659;54;-2047;-5;15;-12;-151;22;27;-220;310;-20;-935;284;-81;-107;-30;14;-48;-2601;-794;16153;-340;16
21391;-659;54;-2101;-14;33;1;-151;24;26;-219;303;-21;-939;318;-99;-123;-22;-8;-21;-2598;-807;16153;-326;16
21392;-682;63;-2095;-49;-18;25;-150;23;28;-216;314;-16;-936;296;-92;-118;44;57;0;-2601;-807;16152;-348;16
21393;-691;94;-2143;52;90;55;-148;23;27;-227;324;-17;-976;307;-99;-94;-79;-59;35;-2573;-765;16158;-362;16
21394;-682;92;-2096;30;4;-74;-148;25;26;-226;308;-22;-947;307;-88;-113;-66;-4;-88;-2520;-747;16168;-343;16
21395;-664;63;-1999;12;-27;-36;-150;24;25;-225;301;-23;-919;307;-99;-107;-38;22;-45;-2535;-780;16165;-325;16
21396;-731;78;-2090;-59;-45;26;-150;22;24;-223;342;-23;-954;302;-88;-100;22;57;6;-2597;-796;16154;-320;16
21397;-616;29;-2047;2;83;86;-150;23;25;-227;292;-16;-913;302;-88;-100;7;-48;79;-2619;-753;16151;-378;16
21398;-581;38;-2109;-1;9;58;-149;22;27;-223;270;-26;-966;284;-110;-107;-32;-1;53;-2564;-687;16164;-334;16
21399;-652;47;-2066;-72;-33;-90;-150;23;26;-218;295;-22;-929;284;-99;-113;54;49;-96;-2572;-713;16161;-363;16
21400;-661;41;-1997;-22;-3;-15;-151;22;24;-225;306;-17;-908;284;-104;-100;11;7;-28;-2584;-773;16156;-383;16
21401;-656;30;-2014;-1;12;-5;-150;23;28;-221;305;-21;-949;313;-104;-118;-26;-36;1;-2563;-776;16160;-351;16
21402;-637;45;-1995;-11;62;80;-149;23;28;-222;316;-18;-924;296;-92;-100;-17;-46;51;-2591;-790;16155;-327;16
21403;-616;19;-2022;-49;31;45;-149;23;25;-222;286;-26;-950;318;-100;-107;22;-47;59;-2523;-730;16169;-294;16
21404;-623;38;-2008;-80;10;1;-151;23;26;-226;297;-23;-928;313;-94;-129;56;-6;-7;-2516;-747;16170;-309;16
21405;-702;47;-2024;-89;-105;-9;-150;23;26;-224;324;-18;-915;289;-89;-107;78;105;-44;-2560;-787;16160;-355;16
21406;-680;39;-2049;-75;-36;107;-149;23;26;-227;333;-19;-948;296;-89;-118;51;33;93;-2625;-757;16150;-395;16
21407;-570;59;-2080;72;85;73;-151;24;26;-228;273;-21;-962;307;-105;-100;-101;-98;56;-2569;-693;16162;-368;16
21408;-588;10;-2023;-77;-17;-8;-151;23;28;-218;269;-27;-942;284;-94;-100;39;20;2;-2535;-654;16170;-341;16
21409;-651;55;-1998;-49;8;-56;-151;22;27;-225;309;-16;-918;302;-100;-100;27;10;-82;-2570;-738;16160;-362;16
21410;-683;60;-2118;27;15;-8;-150;24;26;-224;319;-18;-943;296;-89;-118;-54;-7;-25;-2572;-771;16159;-337;16
21411;-623;59;-2031;-3;22;33;-149;24;26;-221;296;-20;-907;318;-89;-107;-21;26;9;-2578;-767;16159;-310;16
21412;-602;29;-2010;-57;139;130;-151;24;27;-224;287;-24;-940;296;-94;-94;0;-113;108;-2534;-729;16168;-266;16
21413;-649;55;-2038;-78;19;12;-151;23;26;-219;310;-24;-961;302;-94;-107;24;-28;-13;-2480;-711;16177;-266;16
21414;-695;59;-1976;-93;-59;-12;-151;24;27;-223;325;-18;-919;307;-89;-124;67;52;-35;-2514;-741;16170;-327;16
21415;-711;61;-2082;-56;-26;86;-150;23;27;-230;339;-18;-959;289;-83;-107;15;43;53;-2601;-733;16156;-360;16
21416;-563;29;-2071;33;113;85;-149;23;25;-229;267;-20;-936;296;-94;-100;-36;-84;85;-2600;-662;16158;-391;16
21417;-589;46;-2095;-8;-19;18;-149;22;24;-227;272;-25;-966;278;-105;-118;-40;13;9;-2535;-618;16171;-339;16
21418;-657;46;-2062;-7;-28;-95;-150;23;28;-227;297;-19;-934;296;-94;-118;-18;28;-100;-2539;-650;16169;-338;16
21419;-665;58;-2026;11;30;-39;-149;23;28;-219;309;-18;-910;296;-94;-113;-37;-25;-48;-2556;-709;16165;-316;16
21420;-673;77;-2144;-36;-74;16;-150;23;28;-220;319;-19;-951;296;-94;-123;5;110;-17;-2589;-728;16159;-303;16
21421;-641;75;-2147;-4;89;28;-150;23;27;-226;289;-21;-956;313;-104;-100;-18;-67;26;-2551;-680;16166;-338;16
21422;-647;63;-2095;28;26;-47;-149;23;28;-225;296;-18;-960;296;-81;-94;-47;-32;-53;-2489;-670;16176;-360;16
21423;-679;50;-1958;-6;-38;-50;-152;22;27;-228;307;-23;-912;313;-89;-107;-19;23;-56;-2490;-698;16175;-337;16
21424;-788;90;-2077;-53;-86;18;-152;22;25;-233;367;-25;-953;313;-100;-94;7;94;-18;-2568;-736;16162;-316;16
21425;-611;47;-2051;27;102;80;-151;23;26;-224;292;-18;-925;313;-105;-113;-29;-83;72;-2594;-695;16159;-352;16
21426;-553;58;-2119;-5;-13;37;-150;24;26;-220;261;-25;-976;302;-89;-113;-38;1;29;-2535;-643;16171;-304;16
21427;-614;43;-2071;-93;-52;-95;-149;22;26;-220;278;-24;-947;296;-105;-113;62;55;-100;-2516;-664;16173;-334;16
21428;-676;46;-2020;-23;13;0;-149;23;25;-222;308;-16;-911;302;-100;-107;16;1;-19;-2534;-731;16166;-365;16
21429;-702;41;-2050;-19;-18;2;-150;24;27;-230;330;-22;-947;302;-100;-107;-13;-2;-8;-2534;-732;16167;-348;16
21430;-620;23;-2007;4;85;76;-151;23;26;-226;293;-22;-913;307;-94;-113;-23;-81;72;-2545;-708;16166;-330;16
21431;-599;0;-2028;-52;33;20;-150;24;25;-228;275;-27;-934;278;-94;-94;36;-48;38;-2489;-673;16177;-307;16
21432;-618;43;-2017;-60;6;-20;-150;23;26;-226;291;-23;-923;296;-100;-89;35;-5;-28;-2489;-708;16175;-321;16
21433;-732;74;-2063;-48;-75;-11;-151;22;27;-226;341;-21;-933;324;-89;-94;24;82;-24;-2557;-749;16162;-351;16
21434;-655;24;-2046;-72;-13;105;-151;23;27;-230;307;-15;-902;313;-112;-94;58;24;93;-2611;-713;16154;-407;16
21435;-565;31;-2068;50;50;91;-149;23;26;-231;259;-24;-949;305;-89;-94;-71;-47;86;-2541;-623;16170;-371;16
21436;-604;21;-2054;-77;-34;-60;-152;22;25;-223;279;-26;-936;294;-105;-113;54;40;-69;-2505;-612;16176;-358;16
21437;-638;47;-1995;-47;-24;-58;-149;23;27;-221;307;-16;-901;288;-105;-94;24;27;-71;-2537;-705;16167;-373;16
21438;-669;43;-2034;52;15;-13;-153;23;26;-218;317;-21;-936;294;-89;-113;-70;-6;-25;-2553;-732;16164;-329;16
21439;-618;42;-1984;5;82;66;-149;25;26;-222;299;-24;-908;316;-89;-112;-51;-58;38;-2563;-727;16164;-266;16
21440;-604;-23;-1993;-131;108;72;-150;23;25;-221;277;-25;-932;288;-102;-100;113;-118;91;-2510;-683;16174;-270;16
21441;-619;30;-1984;-110;4;7;-152;21;25;-218;291;-20;-916;288;-89;-123;95;-6;-2;-2479;-700;16177;-325;16
21442;-719;38;-2003;-48;-141;-8;-150;23;26;-224;331;-18;-914;313;-76;-118;42;131;-28;-2530;-734;16167;-366;16
21443;-666;30;-2054;-40;8;93;-151;23;26;-226;320;-21;-937;313;-89;-113;19;8;79;-2616;-723;16154;-364;16
21444;-573;43;-2054;64;116;93;-152;22;27;-221;264;-21;-946;307;-94;-123;-87;-109;86;-2573;-655;16164;-344;16
21445;-613;34;-2071;-35;9;-6;-149;23;27;-226;287;-26;-962;296;-89;-118;8;-2;-13;-2521;-610;16174;-310;16
21446;-673;63;-2026;-15;-19;-58;-151;23;27;-225;314;-16;-932;276;-112;-107;-16;22;-72;-2536;-675;16169;-310;16
21447;-687;55;-2087;-11;11;5;-150;21;27;-226;324;-17;-950;296;-89;-100;-19;-1;-8;-2578;-696;16162;-308;16
21448;-650;68;-2111;-62;-39;23;-150;23;26;-231;308;-10;-934;307;-100;-137;40;53;3;-2605;-703;16157;-340;16
21449;-616;54;-2122;-2;123;84;-152;24;24;-226;296;-19;-965;288;-96;-107;-30;-112;69;-2557;-652;16166;-348;16
21450;-637;59;-2058;49;15;-35;-150;24;25;-227;299;-23;-937;323;-94;-118;-80;-10;-44;-2492;-638;16178;-307;16
21451;-746;72;-1996;2;-82;-66;-150;23;26;-231;347;-25;-916;294;-105;-107;-28;80;-75;-2510;-674;16174;-278;16
21452;-739;45;-2038;-100;-53;88;-151;25;27;-229;348;-18;-921;300;-89;-94;84;62;74;-2608;-688;16158;-305;16
21453;-562;30;-2063;20;103;87;-150;25;26;-233;261;-22;-947;294;-100;-100;-43;-96;83;-2590;-616;16163;-324;16
21454;-559;27;-2113;-63;-5;6;-150;23;27;-232;258;-25;-964;305;-105;-107;41;12;-3;-2547;-590;16171;-325;16
21455;-628;34;-1987;-101;-16;-73;-150;25;26;-218;291;-16;-916;300;-89;-107;74;18;-86;-2536;-656;16169;-356;16
21456;-736;57;-2056;1;0;-4;-150;22;25;-228;344;-16;-942;294;-105;-100;-28;3;-16;-2550;-709;16165;-354;16
21457;-689;81;-2032;52;30;24;-150;23;26;-221;330;-19;-919;300;-94;-113;-71;-42;29;-2583;-703;16161;-314;16
21458;-604;37;-2060;-24;120;90;-149;24;27;-230;286;-26;-957;300;-100;-100;21;-117;80;-2513;-646;16175;-265;16
21459;-634;63;-2025;-140;-1;-26;-151;24;27;-226;300;-18;-930;316;-100;-100;123;-3;-26;-2505;-681;16174;-311;16
21460;-755;68;-2125;-42;-126;-11;-149;22;26;-228;345;-18;-953;300;-105;-113;17;135;-27;-2574;-706;16161;-355;16
21461;-686;34;-2043;-12;-14;100;-150;23;26;-232;325;-15;-913;300;-94;-100;-2;22;88;-2622;-649;16155;-388;16
21462;-580;35;-2087;68;62;74;-150;22;24;-228;269;-24;-973;294;-100;-99;-94;-69;71;-2551;-561;16171;-320;16
21463;-593;26;-2083;-55;-25;-64;-151;24;26;-231;273;-24;-946;294;-94;-92;28;27;-65;-2524;-553;16176;-318;16
21464;-677;47;-2011;-43;-71;-87;-149;22;26;-223;312;-13;-908;305;-83;-105;24;77;-102;-2553;-647;16167;-339;16
21465;-716;39;-2093;27;-34;-4;-149;24;27;-221;337;-19;-955;312;-100;-116;-49;32;-11;-2584;-672;16162;-304;16
21466;-681;69;-2150;120;28;7;-149;23;25;-224;318;-22;-964;294;-94;-92;-141;-18;2;-2579;-640;16165;-248;16
21467;-628;43;-2095;-1;25;-59;-151;22;27;-229;295;-22;-968;312;-89;-99;-22;-33;-60;-2493;-596;16180;-243;16
21468;-652;23;-1962;-100;-17;-14;-150;23;24;-222;301;-22;-918;288;-89;-105;78;10;-20;-2490;-623;16179;-293;16
21469;-760;55;-2096;-48;-115;-27;-151;24;27;-224;360;-15;-952;276;-100;-116;29;127;-42;-2607;-670;16158;-347;16
21470;-646;39;-2046;5;10;67;-149;22;27;-228;300;-15;-919;288;-88;-88;-42;-9;54;-2648;-638;16152;-366;16
21471;-561;37;-2089;72;67;75;-151;24;27;-227;259;-24;-966;312;-89;-100;-94;-51;63;-2565;-569;16169;-289;16
21472;-596;33;-2069;-59;-12;-96;-150;22;26;-230;279;-20;-942;316;-88;-113;31;18;-113;-2534;-587;16174;-287;16
21473;-667;33;-2002;-43;-20;-22;-150;23;26;-231;304;-13;-912;323;-88;-100;13;31;-32;-2540;-654;16170;-306;16
21474;-707;26;-2042;-35;-42;30;-152;23;26;-218;329;-15;-944;276;-92;-113;10;58;15;-2568;-657;16165;-297;16
21475;-640;-25;-2012;-51;43;108;-149;22;26;-227;293;-18;-900;312;-88;-107;7;-33;78;-2573;-599;16167;-316;16
21476;-640;15;-2016;15;52;-21;-149;22;26;-233;296;-20;-932;288;-81;-100;-57;-34;-42;-2522;-577;16176;-299;16
21477;-642;47;-1947;-39;-10;-27;-150;25;28;-227;299;-26;-910;316;-99;-105;17;19;-42;-2525;-612;16175;-260;16
21478;-740;83;-2094;-61;-90;-22;-149;25;27;-222;342;-22;-954;312;-76;-99;26;98;-45;-2611;-665;16159;-267;16
21479;-616;28;-2046;-29;78;127;-151;23;26;-233;293;-16;-925;305;-88;-99;20;-61;115;-2628;-608;16157;-337;16
21480;-597;42;-2098;18;50;52;-152;23;26;-230;280;-23;-965;300;-81;-107;-41;-52;45;-2543;-537;16174;-306;16
21481;-658;30;-2057;-64;-35;-84;-148;23;26;-228;306;-19;-939;305;-88;-75;41;37;-89;-2534;-557;16174;-324;16
21482;-687;38;-2026;3;-32;-30;-147;21;23;-224;321;-14;-921;300;-92;-112;-22;39;-41;-2562;-615;16168;-319;16
21483;-672;61;-2069;26;-52;-9;-151;21;26;-216;317;-21;-952;294;-92;-94;-47;64;-18;-2597;-622;16163;-273;16
21484;-619;24;-2021;-33;68;101;-150;22;26;-227;285;-23;-911;294;-92;-107;7;-64;90;-2590;-585;16165;-258;16
21485;-618;11;-2031;-98;47;35;-151;22;27;-223;293;-24;-931;316;-81;-105;71;-38;10;-2527;-549;16176;-271;16
21486;-656;30;-2000;-95;-11;19;-150;23;26;-231;307;-20;-917;288;-81;-92;72;19;9;-2524;-567;16175;-317;16
21487;-767;57;-2081;-44;-155;3;-151;22;25;-226;357;-15;-939;312;-92;-92;21;155;-6;-2637;-584;16156;-344;16
21488;-658;33;-2053;3;-44;69;-150;22;26;-229;308;-15;-919;305;-92;-107;-30;39;60;-2723;-539;16143;-353;16
21489;-577;49;-2100;79;33;57;-151;23;26;-223;267;-24;-976;286;-92;-100;-96;-14;46;-2677;-473;16155;-277;16
21490;-621;16;-2039;-46;1;-64;-149;23;26;-227;290;-26;-934;299;-116;-100;21;6;-84;-2651;-471;16159;-259;16
21491;-701;42;-2014;-86;-23;-91;-149;23;25;-225;331;-13;-913;312;-88;-100;55;21;-101;-2662;-580;16153;-300;16
21492;-693;16;-1987;-37;-7;-15;-150;23;26;-224;321;-19;-937;305;-99;-89;11;31;-31;-2666;-615;16151;-313;16
21493;-660;10;-1986;11;50;60;-149;22;25;-224;303;-22;-910;316;-92;-113;-45;-37;47;-2685;-617;16148;-294;16
21494;-607;-25;-1948;-89;139;22;-150;24;25;-218;276;-26;-924;304;-92;-100;52;-121;-11;-2605;-586;16162;-287;16
21495;-682;46;-1992;-80;-3;-7;-149;23;28;-226;319;-22;-919;294;-88;-107;58;10;-18;-2597;-642;16161;-290;16
21496;-792;73;-2060;-73;-173;-48;-150;23;27;-227;367;-18;-936;305;-99;-107;72;159;-36;-2698;-688;16142;-334;16
21497;-638;50;-2024;24;31;97;-149;23;26;-226;301;-17;-926;312;-92;-100;-46;-26;89;-2718;-633;16141;-350;16
21498;-584;41;-2088;34;53;50;-150;22;26;-234;272;-26;-980;300;-99;-113;-50;-33;39;-2653;-566;16155;-289;16
21499;-665;37;-2021;-48;-26;-37;-150;25;24;-225;307;-23;-929;294;-88;-94;17;16;-28;-2646;-570;16156;-283;16
21500;-721;49;-2015;-34;-7;-13;-150;23;26;-230;337;-15;-920;283;-88;-107;22;15;-36;-2662;-613;16152;-298;16
21501;-686;36;-2030;8;-18;11;-149;23;26;-222;318;-19;-934;316;-92;-107;-39;3;6;-2682;-617;16149;-285;16
21502;-658;25;-2064;8;31;62;-149;23;27;-227;295;-21;-917;305;-88;-94;0;-40;72;-2699;-593;16147;-279;16
21503;-607;-12;-1985;-74;98;36;-150;23;25;-226;274;-24;-922;300;-99;-107;85;-141;98;-2635;-531;16159;-294;16
21504;-651;15;-2016;-77;25;42;-147;22;25;-224;307;-18;-926;316;-99;-118;76;-20;35;-2605;-537;16163;-336;16
21505;-775;58;-2048;-14;-132;-16;-149;23;28;-227;354;-20;-926;312;-81;-118;0;136;-21;-2657;-539;16154;-348;16
21506;-636;44;-2003;79;63;79;-151;25;25;-232;312;-18;-905;288;-99;-107;-73;-43;75;-2722;-512;16145;-341;16
21507;-588;43;-2106;73;63;68;-149;24;28;-226;275;-28;-984;305;-88;-107;-127;-101;68;-2658;-430;16160;-240;16
21508;-650;23;-2006;-95;-11;-41;-149;22;26;-223;295;-27;-932;305;-99;-107;69;6;-37;-2625;-407;16166;-226;16
21509;-695;37;-1988;-112;-25;-34;-150;26;28;-226;327;-14;-908;300;-99;-100;98;27;-51;-2654;-489;16158;-293;16
21510;-669;30;-2031;-18;-7;24;-152;24;26;-224;313;-18;-943;300;-104;-107;-9;3;12;-2682;-512;16152;-303;16
21511;-628;26;-1983;-29;70;74;-150;24;24;-230;302;-19;-922;288;-99;-100;3;-61;55;-2701;-507;16149;-290;16
21512;-608;-17;-1962;-87;116;72;-150;22;28;-228;295;-25;-936;300;-88;-112;49;-124;89;-2631;-460;16162;-279;16
21513;-674;38;-2005;-71;32;44;-150;23;26;-236;326;-21;-930;283;-81;-123;42;-14;24;-2605;-470;16166;-289;16
21514;-744;68;-2028;-46;-139;-36;-151;22;26;-233;344;-21;-919;305;-88;-112;35;122;-50;-2654;-491;16157;-316;16
21515;-657;48;-2056;-33;-34;90;-151;22;25;-222;325;-17;-922;316;-76;-99;45;60;76;-2745;-483;16142;-343;16
21516;-549;45;-2074;78;94;86;-150;26;27;-234;261;-24;-966;313;-81;-100;-120;-113;88;-2706;-395;16151;-311;16
21517;-643;31;-2025;-67;1;-17;-149;21;25;-230;293;-27;-942;296;-99;-113;15;3;-12;-2625;-357;16166;-276;16
21518;-712;71;-2025;-84;11;-41;-150;22;28;-226;339;-19;-923;296;-99;-94;49;0;-78;-2635;-422;16162;-305;16
21519;-711;57;-2087;19;-48;-22;-150;23;26;-225;332;-18;-927;324;-92;-100;-32;55;-39;-2662;-455;16157;-317;16
21520;-635;97;-2098;25;23;24;-149;23;26;-229;305;-22;-945;302;-89;-113;-54;20;2;-2695;-457;16152;-287;16
21521;-639;77;-2073;-29;108;45;-151;22;27;-233;305;-25;-975;318;-104;-100;-26;-107;24;-2628;-424;16164;-270;16
21522;-698;82;-2041;-97;14;-10;-151;25;26;-227;334;-22;-939;302;-99;-107;56;6;-40;-2595;-444;16168;-303;16
21523;-727;43;-1993;-52;-130;-2;-150;24;25;-230;334;-21;-913;284;-94;-118;28;116;-13;-2606;-450;16165;-351;16
21524;-669;31;-2029;-22;12;73;-151;23;26;-223;320;-18;-926;307;-92;-89;17;1;68;-2714;-440;16147;-378;16
21525;-566;40;-2062;125;121;74;-150;24;28;-229;263;-24;-958;324;-94;-107;-154;-120;71;-2681;-374;16156;-313;16
21526;-643;64;-2066;10;21;-1;-150;22;25;-226;298;-31;-959;313;-88;-108;-57;-20;-9;-2609;-333;16170;-224;16
21527;-700;77;-2000;-102;-12;-64;-148;20;26;-230;330;-22;-926;318;-99;-102;70;10;-84;-2609;-387;16168;-253;16
21528;-674;45;-2046;-43;-29;30;-149;22;26;-233;320;-18;-927;318;-92;-108;24;30;14;-2640;-414;16162;-296;16
21529;-639;53;-2086;6;-32;28;-151;24;26;-225;305;-16;-934;307;-81;-102;-32;55;6;-2677;-403;16156;-293;16
21530;-606;0;-1967;-64;102;84;-149;22;25;-231;284;-24;-926;302;-92;-102;33;-95;91;-2622;-343;16167;-271;16
21531;-704;56;-2032;9;57;20;-150;23;27;-231;330;-22;-946;296;-99;-96;-40;-65;5;-2574;-346;16175;-245;16
21532;-667;73;-2032;-55;-49;23;-150;23;26;-223;323;-28;-948;289;-94;-108;-1;30;2;-2586;-340;16173;-233;16
21533;-659;48;-2006;-35;-81;26;-150;22;25;-240;306;-19;-928;302;-89;-108;26;58;6;-2622;-330;16167;-282;16
21534;-625;25;-2029;-106;67;115;-150;22;25;-228;310;-15;-933;318;-99;-115;94;-45;93;-2687;-314;16156;-307;16
21535;-582;26;-2055;10;122;137;-152;22;27;-220;278;-18;-919;302;-105;-96;-18;-79;130;-2644;-238;16164;-323;16
21536;-665;70;-2060;-4;15;-8;-151;24;28;-230;307;-26;-951;302;-94;-102;-33;-5;-17;-2579;-188;16176;-273;16
21537;-699;64;-2022;-20;-27;-69;-150;24;26;-226;327;-25;-926;296;-99;-102;-10;30;-87;-2596;-237;16173;-259;16
21538;-643;42;-2041;13;-15;-46;-150;22;26;-228;302;-21;-923;289;-88;-102;-38;18;-57;-2625;-287;16168;-241;16
21539;-669;64;-2108;-19;-34;-23;-150;24;27;-230;312;-26;-953;313;-94;-108;-11;39;-41;-2652;-327;16163;-210;16
21540;-660;56;-2100;-8;109;11;-149;23;27;-222;299;-24;-951;307;-100;-108;2;-100;15;-2618;-319;16169;-230;16
21541;-698;61;-2066;-89;-66;-50;-149;23;27;-219;318;-21;-938;302;-105;-115;61;56;-62;-2573;-324;16175;-271;16
21542;-719;27;-1991;-25;-100;13;-149;23;26;-228;331;-18;-920;278;-105;-102;20;75;11;-2602;-340;16169;-326;16
21543;-659;36;-2027;15;-8;70;-150;24;25;-229;314;-15;-909;289;-94;-102;-7;26;62;-2706;-331;16152;-333;16
21544;-550;26;-2062;106;112;74;-150;22;27;-221;257;-28;-956;302;-100;-102;-133;-109;85;-2671;-245;16161;-256;16
21545;-637;48;-2019;-63;21;16;-149;22;25;-228;295;-29;-942;302;-105;-102;23;-18;12;-2608;-219;16172;-209;16
21546;-696;47;-2005;-101;-21;-54;-150;23;25;-225;331;-18;-922;307;-100;-124;77;17;-74;-2623;-274;16168;-258;16
21547;-670;50;-2096;10;24;40;-151;23;26;-224;319;-16;-942;302;-100;-102;-33;-19;33;-2659;-301;16162;-267;16
21548;-675;105;-2160;12;-33;-23;-150;22;25;-225;315;-19;-952;318;-100;-115;-39;32;-30;-2690;-303;16157;-241;16
21549;-605;47;-2046;-12;132;67;-149;23;24;-232;290;-26;-938;302;-94;-108;-9;-124;59;-2619;-253;16170;-232;16
21550;-700;63;-2064;-95;19;25;-151;23;27;-228;329;-27;-948;302;-94;-108;75;-16;14;-2579;-258;16176;-252;16
21551;-752;44;-1985;-53;-122;-28;-148;23;25;-236;346;-20;-916;296;-94;-102;29;128;-42;-2619;-278;16168;-301;16
21552;-658;52;-2029;16;4;94;-150;22;26;-235;320;-15;-919;289;-112;-108;-38;2;87;-2724;-268;16151;-316;16
21553;-549;56;-2104;84;84;51;-148;21;26;-225;253;-27;-976;296;-105;-115;-107;-76;44;-2668;-184;16163;-228;16
21554;-624;35;-2037;-80;22;-17;-151;24;27;-222;287;-28;-936;302;-118;-102;43;-22;-17;-2611;-179;16172;-218;16
21555;-719;43;-2004;-100;-37;-67;-151;24;25;-225;333;-18;-914;296;-94;-115;81;40;-84;-2626;-263;16168;-264;16
21556;-703;35;-1999;8;-48;-2;-148;25;24;-224;328;-20;-939;307;-94;-120;-33;25;-2;-2658;-288;16162;-254;16
21557;-606;45;-2023;-17;61;95;-150;24;27;-229;290;-22;-925;313;-89;-120;-17;-43;74;-2693;-277;16157;-222;16
21558;-604;27;-2007;-97;58;43;-151;23;26;-225;278;-23;-938;313;-100;-120;57;-70;35;-2626;-244;16169;-214;16
21559;-662;41;-2033;-69;40;-2;-150;22;27;-231;312;-23;-933;296;-94;-120;50;-39;-10;-2604;-261;16172;-256;16
21560;-794;56;-2049;-87;-161;-12;-152;21;24;-228;367;-21;-923;284;-100;-96;62;168;-30;-2666;-288;16160;-293;16
21561;-630;49;-2052;41;-7;72;-151;21;24;-217;300;-17;-933;307;-112;-108;-62;12;63;-2713;-258;16153;-300;16
21562;-554;39;-2088;45;35;74;-149;24;28;-232;256;-28;-957;318;-100;-116;-67;-27;67;-2668;-179;16163;-216;16
21563;-640;32;-2037;-102;2;-48;-150;23;27;-230;295;-26;-929;294;-94;-104;77;5;-61;-2618;-180;16171;-222;16
21564;-700;41;-1973;-116;-34;-30;-150;22;25;-225;329;-14;-902;300;-100;-116;93;37;-44;-2638;-266;16166;-285;16
21565;-695;29;-2041;-49;-61;25;-150;25;27;-222;323;-20;-945;300;-89;-92;25;66;15;-2676;-275;16159;-296;16
21566;-622;22;-2071;-5;89;97;-150;23;25;-221;287;-21;-923;294;-105;-116;-16;-83;89;-2683;-245;16158;-300;16
21567;-615;47;-2061;32;38;-39;-150;24;26;-230;273;-29;-944;305;-100;-121;-58;-36;-48;-2565;-216;16179;-247;16
21568;-720;66;-1944;-71;-34;-20;-150;22;26;-231;333;-27;-895;305;-100;-97;49;38;-32;-2577;-260;16176;-248;16
21569;-772;66;-2055;-108;-80;66;-150;23;25;-233;372;-14;-921;323;-100;-97;88;84;50;-2693;-278;16156;-295;16
21570;-563;19;-2098;115;151;151;-150;22;26;-239;271;-21;-937;300;-100;-104;-135;-145;146;-2667;-174;16162;-278;16
21571;-590;57;-2117;-63;-13;-30;-150;22;25;-235;277;-27;-968;312;-94;-104;40;21;-39;-2624;-144;16170;-223;16
21572;-684;73;-2077;-88;-58;-74;-149;24;27;-230;321;-19;-939;300;-100;-104;51;73;-100;-2652;-214;16164;-264;16
21573;-690;55;-1992;23;4;-40;-150;24;26;-235;323;-16;-917;316;-100;-110;-48;1;-49;-2659;-253;16162;-281;16
21574;-720;70;-2111;30;5;41;-149;24;26;-223;335;-27;-945;300;-100;-116;-53;2;32;-2684;-237;16159;-232;16
21575;-638;71;-2076;30;136;13;-149;24;27;-226;296;-25;-944;316;-100;-97;-59;-129;3;-2611;-200;16172;-228;16
21576;-666;35;-2067;-118;-52;-25;-150;22;26;-231;312;-24;-926;305;-112;-116;97;60;-38;-2606;-197;16172;-265;16
21577;-765;43;-2015;-83;-155;54;-150;22;26;-229;355;-21;-919;300;-100;-116;62;163;38;-2667;-207;16161;-321;16
21578;-654;73;-2067;73;-6;83;-152;22;27;-221;314;-15;-931;312;-100;-97;-95;18;73;-2721;-165;16153;-315;16
21579;-562;51;-2127;130;56;56;-150;25;24;-223;260;-29;-987;294;-105;-104;-156;-51;48;-2653;-58;16167;-188;16
21580;-633;33;-1992;-120;11;-30;-149;23;28;-223;295;-28;-919;294;-89;-97;95;-11;-41;-2620;-49;16172;-184;16
21581;-690;34;-1995;-102;-41;-57;-151;22;25;-223;326;-17;-910;288;-105;-104;78;47;-72;-2636;-137;16168;-254;16
21582;-726;56;-2090;11;-98;4;-151;23;27;-228;340;-21;-937;312;-105;-110;-36;106;-9;-2694;-159;16158;-244;16
21583;-635;27;-2071;5;74;46;-149;24;27;-230;295;-25;-951;300;-105;-104;-25;-70;38;-2678;-105;16162;-235;16
21584;-619;29;-1981;-43;73;-5;-148;22;26;-227;298;-22;-924;294;-94;-121;19;-69;-16;-2621;-94;16171;-261;16
21585;-663;33;-2015;-35;27;-21;-150;24;28;-226;310;-26;-940;305;-100;-104;12;-24;-32;-2589;-109;16176;-266;16
21586;-764;74;-2067;-47;-124;-12;-150;22;27;-235;354;-23;-915;283;-105;-116;18;104;-21;-2683;-144;16160;-271;16
21587;-606;45;-2079;0;-29;97;-149;21;26;-223;289;-16;-905;288;-100;-104;-45;-2;96;-2723;-100;16154;-269;16
21588;-558;50;-2115;71;50;92;-147;20;26;-227;257;-29;-976;294;-100;-121;-73;-31;74;-2629;7;16171;-168;16
21589;-672;62;-2023;-146;-24;-113;-150;23;25;-226;308;-25;-930;300;-105;-104;124;28;-136;-2590;-39;16177;-216;16
21590;-724;58;-2015;-45;-73;-40;-149;23;25;-225;344;-17;-908;294;-89;-110;21;79;-56;-2659;-124;16164;-279;16
21591;-669;50;-2078;-91;-64;118;-151;22;28;-231;313;-23;-947;305;-100;-115;69;71;105;-2707;-77;16156;-293;16
21592;-635;156;-2083;74;59;-8;-149;25;24;-235;297;-46;-958;305;-105;-110;-100;-54;-17;-2663;-50;16163;-285;16
21593;-592;23;-1996;-306;33;47;-151;25;26;-227;279;-9;-912;300;-94;-108;292;-30;30;-2632;-64;16164;-466;16
21594;-653;-7;-2042;109;-22;43;-150;21;25;-229;306;-14;-922;300;-110;-110;-133;30;40;-2646;-27;16162;-483;16
21595;-718;118;-2144;101;6;-127;-149;25;26;-213;339;-24;-987;300;-100;-116;-133;-2;-136;-2649;-70;16165;-343;16
21596;-717;128;-2077;141;-69;-6;-151;22;26;-222;338;-37;-924;294;-105;-97;-168;78;-16;-2675;-70;16162;-259;16
21597;-619;53;-2051;-19;-30;115;-150;24;25;-228;292;-29;-901;300;-100;-110;1;43;105;-2688;13;16160;-224;16
21598;-602;61;-2096;13;1;34;-149;23;26;-227;284;-29;-954;300;-105;-118;-36;2;24;-2642;64;16168;-187;16
21599;-642;51;-2041;-152;-18;-65;-148;24;27;-231;302;-24;-930;312;-100;-116;137;18;-87;-2626;45;16170;-235;16
21600;-706;67;-2055;-36;-59;-42;-150;23;26;-223;331;-7;-927;312;-105;-105;1;56;-34;-2670;-36;16162;-295;16
21601;-635;51;-2045;40;-26;43;-148;23;25;-230;297;-18;-912;312;-94;-99;-69;22;39;-2696;-5;16159;-254;16
21602;-669;74;-2134;50;68;60;-148;24;26;-226;312;-29;-964;305;-94;-105;-54;-71;58;-2649;50;16167;-182;16
21603;-673;82;-2049;-59;25;-9;-147;23;26;-223;318;-25;-938;300;-105;-128;38;-17;-11;-2598;55;16175;-203;16
21604;-653;46;-2041;-73;-30;-11;-150;24;25;-231;309;-26;-934;288;-105;-110;50;38;-31;-2612;49;16173;-245;16
21605;-712;67;-2085;-46;-111;0;-150;23;26;-233;334;-21;-936;323;-100;-94;24;119;-13;-2698;15;16158;-274;16
21606;-576;41;-2041;77;118;120;-149;24;29;-231;288;-20;-904;294;-100;-83;-53;-30;98;-2709;80;16156;-271;16
21607;-637;71;-2131;49;41;1;-149;24;26;-233;278;-32;-976;305;-105;-112;-129;-59;9;-2609;152;16173;-160;16
21608;-701;64;-2010;-116;-37;-110;-151;21;25;-230;321;-28;-926;283;-89;-105;91;14;-93;-2593;122;16176;-172;16
21609;-681;48;-2041;-5;-62;-21;-150;22;28;-233;323;-15;-914;336;-100;-99;31;80;-57;-2660;28;16165;-223;16
21610;-592;49;-2065;-11;-35;46;-148;23;26;-232;291;-23;-959;300;-96;-112;-41;31;32;-2693;38;16160;-187;16
21611;-660;93;-2123;-4;78;43;-150;23;27;-234;300;-28;-945;294;-96;-112;-34;-72;32;-2664;69;16165;-169;16
21612;-683;59;-2025;-82;47;-9;-150;22;26;-227;318;-22;-927;316;-102;-99;63;-49;-21;-2599;85;16175;-206;16
21613;-699;65;-2053;-47;-51;-11;-150;22;28;-224;323;-27;-945;300;-100;-123;5;39;-17;-2591;81;16176;-226;16
21614;-717;61;-2099;-79;-97;-1;-148;24;25;-233;343;-15;-913;283;-105;-123;74;150;-32;-2706;43;16156;-283;16
21615;-562;55;-2090;14;-19;119;-148;25;25;-223;281;-17;-937;300;-105;-112;-37;56;82;-2741;87;16150;-280;16
21616;-591;70;-2144;79;62;33;-150;23;27;-227;266;-31;-981;288;-100;-107;-137;-76;36;-2653;179;16166;-184;16
21617;-702;63;-2000;-120;3;-91;-149;25;27;-218;321;-30;-935;300;-105;-107;80;-15;-87;-2604;167;16174;-177;16
21618;-715;36;-2011;-60;-72;-30;-149;20;27;-229;342;-14;-907;300;-105;-124;53;68;-50;-2663;77;16164;-239;16
21619;-640;58;-2089;21;-55;42;-150;24;25;-230;306;-22;-939;316;-100;-113;-36;73;21;-2744;67;16151;-212;16
21620;-609;55;-2095;63;103;7;-151;23;26;-233;265;-29;-941;305;-94;-113;-69;-103;27;-2722;118;16155;-183;16
21621;-645;38;-1959;-109;77;-42;-148;23;26;-224;289;-33;-911;294;-105;-107;95;-85;-16;-2651;125;16167;-191;16
21622;-709;65;-2028;-66;-61;9;-150;22;26;-229;335;-23;-937;305;-94;-107;38;40;-5;-2632;75;16169;-231;16
21623;-707;35;-2053;-70;-104;26;-149;24;26;-234;340;-20;-922;305;-94;-120;60;109;11;-2724;67;16153;-277;16
21624;-569;50;-2037;62;-10;55;-148;20;27;-237;270;-22;-936;312;-112;-118;-79;2;57;-2750;112;16149;-270;16
21625;-585;60;-2091;156;98;50;-148;22;27;-223;263;-31;-960;300;-112;-124;-210;-120;53;-2639;189;16168;-140;16
21626;-707;59;-2042;-99;26;-24;-149;23;26;-231;328;-42;-958;288;-105;-120;38;-40;-14;-2595;204;16176;-86;16
21627;-716;30;-1995;-115;-89;-31;-149;22;27;-233;331;-14;-910;305;-105;-107;117;72;-48;-2635;134;16169;-181;16
21628;-614;13;-2045;-21;-52;59;-148;22;26;-228;291;-19;-949;305;-94;-113;1;36;59;-2706;132;16157;-203;16
21629;-639;89;-2141;106;52;24;-149;23;26;-229;285;-26;-946;294;-100;-120;-124;-46;16;-2727;162;16154;-174;16
21630;-661;51;-2035;-60;83;-37;-149;26;25;-230;298;-28;-931;312;-100;-129;30;-88;-18;-2656;206;16165;-149;16
21631;-709;69;-2014;2;-31;28;-148;25;27;-226;336;-27;-930;304;-105;-107;-32;15;15;-2624;183;16171;-161;16
21632;-726;66;-2030;-142;-125;23;-149;24;27;-229;342;-19;-940;286;-94;-113;90;114;-21;-2699;173;16158;-186;16
21633;-576;0;-2056;-69;20;104;-148;22;24;-232;284;-13;-942;292;-100;-107;67;-9;96;-2774;203;16144;-272;16
21634;-555;60;-2091;127;124;32;-148;25;28;-224;257;-20;-938;286;-105;-107;-123;-109;32;-2751;247;16147;-272;16
21635;-705;97;-2085;70;38;-24;-149;21;26;-235;326;-37;-962;281;-100;-118;-132;-37;-24;-2669;282;16162;-141;16
21636;-734;63;-1976;-115;-56;-118;-149;23;25;-227;346;-25;-912;275;-100;-113;80;48;-141;-2668;212;16163;-133;16
21637;-682;36;-2005;-24;-107;-73;-150;23;27;-234;319;-18;-920;292;-100;-107;7;106;-82;-2743;125;16151;-164;16
21638;-601;48;-2078;-12;6;48;-149;24;25;-230;284;-23;-926;310;-89;-113;-6;9;37;-2817;108;16139;-160;16
21639;-592;48;-2081;-77;78;20;-149;22;26;-228;278;-27;-966;310;-107;-124;44;-81;10;-2727;123;16154;-148;16
21640;-677;62;-2001;-63;79;-56;-150;23;25;-225;314;-18;-930;286;-96;-107;39;-82;-67;-2647;75;16167;-199;16
21641;-796;56;-2016;-106;-158;-14;-151;22;24;-227;367;-26;-918;299;-112;-113;86;164;-26;-2707;27;16157;-230;16
21642;-642;29;-2041;-15;30;121;-150;23;25;-230;325;-10;-929;308;-105;-115;-2;-25;106;-2805;45;16140;-264;16
21643;-537;42;-2042;61;106;19;-150;24;24;-236;250;-25;-939;308;-100;-102;-90;-107;20;-2745;123;16150;-220;16
21644;-696;83;-2071;-22;-25;-48;-150;23;26;-235;310;-27;-963;297;-100;-131;-13;22;-62;-2657;94;16166;-171;16
21645;-764;56;-2022;-84;-46;-32;-149;21;26;-224;361;-18;-923;313;-94;-131;66;53;-59;-2714;40;16156;-215;16
21646;-657;28;-2007;17;-17;52;-151;23;29;-231;310;-18;-909;299;-105;-107;-25;32;51;-2767;53;16147;-217;16
21647;-625;67;-2083;11;32;8;-149;21;28;-233;293;-29;-946;310;-107;-108;-36;-18;2;-2754;72;16150;-178;16
21648;-622;42;-2075;-67;64;-18;-151;22;26;-230;289;-28;-950;291;-107;-115;30;-60;-18;-2677;69;16163;-184;16
21649;-672;22;-1962;-145;2;-66;-151;21;25;-229;314;-23;-910;302;-96;-131;121;-3;-75;-2640;17;16168;-238;16
21650;-727;91;-2017;24;-34;-11;-148;25;24;-231;341;-21;-911;302;-107;-108;-47;45;-31;-2695;-67;16159;-249;16
21651;-632;14;-2060;-65;43;95;-150;22;24;-231;299;-25;-930;310;-91;-115;44;-27;91;-2710;-7;16156;-246;16
21652;-646;45;-2081;-70;37;19;-150;20;26;-232;299;-19;-957;299;-102;-108;42;-33;8;-2654;3;16165;-267;16
21653;-711;132;-2058;66;-17;-58;-150;22;26;-225;332;-31;-950;299;-91;-102;-93;13;-73;-2624;-25;16170;-264;16
21654;-719;81;-2062;-191;-52;-42;-149;22;25;-223;341;-34;-953;299;-96;-121;164;44;-54;-2644;-40;16167;-283;16
21655;-560;-18;-2002;22;8;14;-152;23;28;-230;266;-8;-916;292;-102;-102;-27;-3;16;-2687;-46;16157;-395;16
21656;-666;93;-2163;-28;28;-47;-148;21;27;-235;311;-28;-984;310;-102;-96;3;-20;-62;-2678;-72;16159;-362;16
21657;-698;98;-2008;144;31;-73;-150;22;26;-230;327;-29;-932;299;-96;-107;-179;-29;-75;-2646;-78;16165;-327;16
21658;-724;113;-2079;14;-10;13;-151;23;26;-230;341;-39;-944;328;-96;-102;-45;16;-2;-2659;-97;16165;-251;16
21659;-627;55;-2044;-37;8;14;-150;22;27;-228;294;-26;-933;299;-91;-113;16;-1;4;-2662;-80;16164;-263;16
21660;-623;25;-2032;-25;14;17;-151;23;27;-222;287;-21;-927;304;-96;-126;4;-7;12;-2646;-68;16167;-273;16
21661;-680;59;-2032;-1;26;2;-150;23;27;-229;317;-24;-931;304;-91;-121;-23;-18;-11;-2630;-81;16169;-254;16
21662;-688;60;-2050;7;3;23;-151;22;27;-225;323;-25;-935;286;-102;-108;-28;3;12;-2627;-70;16170;-226;16
21663;-649;58;-2072;-16;-11;13;-150;22;26;-235;305;-25;-936;304;-91;-121;-6;13;5;-2639;-68;16168;-214;16
21664;-636;50;-2054;-35;3;31;-151;23;25;-224;297;-23;-939;304;-102;-121;5;4;21;-2635;-56;16169;-215;16
21665;-662;46;-2031;-63;10;2;-150;23;26;-228;309;-19;-930;299;-84;-108;39;-5;-10;-2632;-62;16169;-242;16
21666;-665;38;-2048;-8;6;27;-150;24;25;-237;311;-18;-935;286;-91;-115;-13;0;19;-2633;-57;16169;-249;16
21667;-659;40;-2064;-19;0;8;-150;21;25;-223;309;-20;-941;304;-96;-126;-3;5;-1;-2634;-51;16169;-244;16
21668;-644;61;-2060;11;12;4;-150;22;26;-225;304;-25;-941;292;-96;-121;-34;-5;-3;-2631;-48;16170;-228;16
21669;-658;63;-2043;-23;21;7;-151;22;26;-223;309;-27;-930;299;-91;-121;-5;-16;-2;-2618;-45;16172;-207;16
21670;-683;44;-2046;-70;9;-7;-151;24;25;-226;320;-22;-936;299;-78;-121;44;-6;-18;-2614;-60;16172;-226;16
21671;-658;34;-2054;-27;-10;3;-151;21;28;-233;310;-15;-932;310;-96;-115;8;16;-11;-2620;-78;16171;-254;16
21672;-647;57;-2061;18;1;-4;-150;24;26;-227;298;-23;-942;315;-84;-126;-42;7;-16;-2626;-77;16170;-234;16
21673;-656;61;-2062;-11;19;-12;-150;23;26;-234;306;-24;-940;304;-80;-115;-13;-13;-22;-2624;-86;16171;-209;16
21674;-656;49;-2016;-53;24;-1;-150;23;25;-219;307;-21;-926;286;-96;-108;32;-18;-10;-2613;-102;16173;-212;16
21675;-658;31;-2069;-41;12;13;-152;21;25;-225;304;-19;-949;310;-96;-132;16;-3;-1;-2610;-105;16173;-237;16
21676;-640;24;-2022;-24;3;-28;-149;24;29;-220;298;-13;-919;304;-96;-132;-3;2;-39;-2610;-126;16173;-235;16
21677;-647;45;-2064;-18;6;-23;-153;21;27;-234;302;-15;-940;304;-91;-121;-6;1;-33;-2610;-158;16172;-217;16
21678;-614;23;-2059;-25;28;-41;-150;22;27;-229;291;-16;-936;304;-78;-121;0;-23;-53;-2598;-192;16174;-212;16
21679;-641;55;-2072;-27;45;-55;-149;21;25;-226;303;-20;-947;310;-84;-126;1;-39;-62;-2569;-249;16178;-202;16
21680;-650;43;-2057;-60;28;-17;-150;24;28;-237;307;-18;-941;315;-78;-121;37;-20;-28;-2542;-287;16182;-213;16
